location,,,,경도,위도
서울특별시 강남구 역삼동 강남대로,,,,127.0134839,37.52673151
서울특별시 강남구 역삼동 언주로70길,,,,127.0474245,37.49675719
서울특별시 강남구 개포동 양재대로,,,,127.0519305,37.47151948
서울특별시 강남구 개포동 논현로16길,,,,127.0473444,37.47563444
서울특별시 강남구 개포동 논현로,,,,127.0354589,37.50291718
서울특별시 강남구 개포동 언주로,,,,127.0436786,37.50206736
서울특별시 강남구 청담동 도산대로,,,,127.0406018,37.52296592
서울특별시 강남구 삼성동 학동로,,,,127.0362596,37.51612782
서울특별시 강남구 삼성동 봉은사로86길,,,,127.0568187,37.51251618
서울특별시 강남구 대치동 분당수서로,,,,127.0759313,37.5009055
서울특별시 강남구 대치동 도곡로,,,,127.051929,37.49598194
서울특별시 강남구 신사동 압구정로,,,,127.0444209,37.52648702
서울특별시 강남구 신사동 가로수길,,,,127.0228869,37.5209292
서울특별시 강남구 논현동 언주로114길,,,,127.039799,37.51090842
서울특별시 강남구 논현동 선릉로,,,,127.0490615,37.50435038
서울특별시 강남구 압구정동 언주로,,,,127.0436786,37.50206736
서울특별시 강남구 세곡동 헌릉로,,,,127.1076435,37.46478126
서울특별시 강남구 일원동 일원로,,,,127.0823425,37.48760712
서울특별시 강남구 일원동 분당수서로,,,,127.0759313,37.5009055
서울특별시 강남구 도곡동 언주로30길,,,,127.0531407,37.48843393
서울특별시 강남구 도곡동 논현로,,,,127.0354589,37.50291718
서울특별시 강남구 도곡동 언주로,,,,127.0436786,37.50206736
서울특별시 강남구 도곡동 남부순환로,,,,127.0378836,37.48506843
서울특별시 강남구 역삼동 테헤란로,,,,127.0474869,37.5040591
서울특별시 강남구 역삼동 선릉로,,,,127.0490615,37.50435038
서울특별시 강남구 역삼동 강남대로78길,,,,127.0319518,37.49597694
서울특별시 강남구 청담동 영동대로,,,,127.0595518,37.51657184
서울특별시 강남구 삼성동 삼성로,,,,127.0593942,37.50277514
서울특별시 강남구 삼성동 삼성로96길,,,,127.05814,37.50865697
서울특별시 강남구 삼성동 봉은사로,,,,127.0615169,37.51389108
서울특별시 강남구 대치동 테헤란로87길,,,,127.0584149,37.50959969
서울특별시 강남구 대치동 영동대로,,,,127.0595518,37.51657184
서울특별시 강남구 대치동 테헤란로104길,,,,127.0651642,37.50822348
서울특별시 강남구 신사동 올림픽대로,,,,127.0415828,37.53102897
서울특별시 강남구 논현동 도산대로24길,,,,127.0265615,37.51791342
서울특별시 강남구 논현동 봉은사로,,,,127.0615169,37.51389108
서울특별시 강남구 논현동 논현로,,,,127.0354589,37.50291718
서울특별시 강남구 논현동 도산대로50길,,,,127.0376152,37.52065985
서울특별시 강남구 일원동 양재대로55길,,,,127.087605,37.49207762
서울특별시 강남구 수서동 분당수서로,,,,127.0759313,37.5009055
서울특별시 강남구 도곡동 도곡로,,,,127.051929,37.49598194
서울특별시 강남구 역삼동 도곡로7길,,,,127.0345794,37.49160611
서울특별시 강남구 역삼동 논현로85길,,,,127.0349777,37.49830733
서울특별시 강남구 개포동 개포로,,,,127.0775527,37.49365878
서울특별시 강남구 청담동 학동로97길,,,,127.0539351,37.52243862
서울특별시 강남구 청담동 도산대로68길,,,,127.0445657,37.52092323
서울특별시 강남구 청담동 학동로,,,,127.0362596,37.51612782
서울특별시 강남구 대치동 테헤란로88길,,,,127.0599204,37.50670568
서울특별시 강남구 대치동 남부순환로,,,,127.0378836,37.48506843
서울특별시 강남구 대치동 테헤란로,,,,127.0474869,37.5040591
서울특별시 강남구 신사동 도산대로,,,,127.0406018,37.52296592
서울특별시 강남구 논현동 도산대로,,,,127.0406018,37.52296592
서울특별시 강남구 논현동 학동로,,,,127.0362596,37.51612782
서울특별시 강남구 논현동 봉은사로7길,,,,127.0270848,37.50715103
서울특별시 강남구 논현동 압구정로,,,,127.0444209,37.52648702
서울특별시 강남구 논현동 언주로,,,,127.0436786,37.50206736
서울특별시 강남구 압구정동 압구정로,,,,127.0444209,37.52648702
서울특별시 강남구 일원동 일원로3길,,,,127.0837362,37.49239428
서울특별시 강남구 수서동 광평로51길,,,,127.1014888,37.48995779
서울특별시 강남구 역삼동 테헤란로51길,,,,127.0453849,37.50592074
서울특별시 강남구 역삼동 언주로,,,,127.0436786,37.50206736
서울특별시 강남구 역삼동 봉은사로,,,,127.0615169,37.51389108
서울특별시 강남구 청담동 올림픽대로,,,,127.0415828,37.53102897
서울특별시 강남구 대치동 선릉로,,,,127.0490615,37.50435038
서울특별시 강남구 압구정동 올림픽대로,,,,127.0415828,37.53102897
서울특별시 강남구 수서동 밤고개로1길,,,,127.103019,37.48875287
서울특별시 강남구 수서동 광평로34길,,,,127.0918086,37.48147549
서울특별시 강남구 수서동 광평로,,,,127.104792,37.48876908
서울특별시 강남구 개포동 논현로10길,,,,127.0498475,37.47444958
서울특별시 강남구 삼성동 선릉로,,,,127.0490615,37.50435038
서울특별시 강남구 삼성동 테헤란로78길,,,,127.0548705,37.50517344
서울특별시 강남구 대치동 삼전로,,,,127.0876522,37.50392907
서울특별시 강남구 대치동 테헤란로78길,,,,127.0548705,37.50517344
서울특별시 강남구 신사동 논현로,,,,127.0354589,37.50291718
서울특별시 강남구 논현동 신반포로,,,,126.9905371,37.50263344
서울특별시 강남구 일원동 양재대로,,,,127.0519305,37.47151948
서울특별시 강남구 역삼동 봉은사로44길,,,,127.0413022,37.50674235
서울특별시 강남구 역삼동 도곡로,,,,127.051929,37.49598194
서울특별시 강남구 역삼동 논현로94길,,,,127.0382455,37.50316504
서울특별시 강남구 삼성동 테헤란로,,,,127.0474869,37.5040591
서울특별시 강남구 대치동 삼성로,,,,127.0593942,37.50277514
서울특별시 강남구 논현동 강남대로,,,,127.0134839,37.52673151
서울특별시 강남구 논현동 학동로6길,,,,127.023558,37.51097969
서울특별시 강남구 자곡동 밤고개로,,,,127.1056497,37.47817823
서울특별시 강남구 역삼동 역삼로,,,,127.0574759,37.50310416
서울특별시 강남구 역삼동 봉은사로2길,,,,127.025991,37.50322857
서울특별시 강남구 개포동 선릉로,,,,127.0490615,37.50435038
서울특별시 강남구 청담동 삼성로133길,,,,127.0486823,37.51950791
서울특별시 강남구 삼성동 선릉로126길,,,,127.0435754,37.51470533
서울특별시 강남구 대치동 삼성로75길,,,,127.0553669,37.50342157
서울특별시 강남구 압구정동 강남대로,,,,127.0134839,37.52673151
서울특별시 강남구 자곡동 자곡로3길,,,,127.0898178,37.47111133
서울특별시 강남구 율현동 헌릉로757길,,,,127.1191675,37.47138192
서울특별시 강남구 수서동 밤고개로,,,,127.1056497,37.47817823
서울특별시 강남구 청담동 삼성로,,,,127.0593942,37.50277514
서울특별시 강남구 압구정동 논현로189길,,,,127.0202391,37.52621689
서울특별시 강남구 자곡동 자곡로,,,,127.1044906,37.47430991
서울특별시 강남구 일원동 양재대로33길,,,,127.082718,37.49077288
서울특별시 강남구 도곡동 남부순환로365길,,,,127.0395669,37.48730014
서울특별시 강남구 도곡동 남부순환로363길,,,,127.0384051,37.48659144
서울특별시 강남구 역삼동 도곡로3길,,,,127.0329326,37.49109957
서울특별시 강남구 청담동 선릉로,,,,127.0490615,37.50435038
서울특별시 강남구 대치동 역삼로,,,,127.0574759,37.50310416
서울특별시 강남구 신사동 언주로,,,,127.0436786,37.50206736
서울특별시 강남구 일원동 개포로124길,,,,127.0830457,37.49347941
서울특별시 강남구 삼성동 영동대로,,,,127.0595518,37.51657184
서울특별시 강남구 대치동 양재천로,,,,127.056655,37.48860653
서울특별시 강남구 역삼동 서초대로,,,,126.9998387,37.48890294
서울특별시 강남구 대치동 삼성로71길,,,,127.056733,37.50140341
서울특별시 강남구 대치동 선릉로86길,,,,127.0504948,37.50282754
서울특별시 강남구 압구정동 논현로,,,,127.0354589,37.50291718
서울특별시 강남구 도곡동 선릉로,,,,127.0490615,37.50435038
서울특별시 강남구 삼성동 테헤란로69길,,,,127.0526136,37.50635282
서울특별시 강남구 논현동 언주로126길,,,,127.0372635,37.51379352
서울특별시 강남구 압구정동 논현로190길,,,,127.0290719,37.53264897
서울특별시 강남구 일원동 개포로,,,,127.0775527,37.49365878
서울특별시 강남구 역삼동 선릉로93길,,,,127.0462952,37.50466055
서울특별시 강남구 논현동 논현로145길,,,,127.0256027,37.51705282
서울특별시 강남구 수서동 광평로39길,,,,127.0987496,37.48906169
서울특별시 강남구 청담동 선릉로132길,,,,127.0438014,37.51874708
서울특별시 강남구 논현동 학동로20길,,,,127.0269024,37.50962507
서울특별시 강남구 개포동 개포로22길,,,,127.0507062,37.47641476
서울특별시 강동구 성내동 천호대로,,,,127.1369883,37.53373437
서울특별시 강동구 천호동 구천면로,,,,127.1466497,37.55056387
서울특별시 강동구 성내동 양재대로,,,,127.1430454,37.54595852
서울특별시 강동구 명일동 상암로,,,,127.1465774,37.54654957
서울특별시 강동구 고덕동 동남로81길,,,,127.153176,37.55945575
서울특별시 강동구 암사동 상암로,,,,127.1465774,37.54654957
서울특별시 강동구 강일동 아리수로93길,,,,127.1740409,37.56485472
서울특별시 강동구 성내동 강동대로53길,,,,127.1322734,37.52664343
서울특별시 강동구 성내동 강동대로,,,,127.1330332,37.52179267
서울특별시 강동구 천호동 천중로,,,,127.1317725,37.54391415
서울특별시 강동구 명일동 양재대로,,,,127.1430454,37.54595852
서울특별시 강동구 길동 천중로40길,,,,127.1382476,37.53928966
서울특별시 강동구 둔촌동 동남로49길,,,,127.1457034,37.53198799
서울특별시 강동구 강일동 초광로,,,,127.1737972,37.54629146
서울특별시 강동구 길동 천호대로,,,,127.1369883,37.53373437
서울특별시 강동구 성내동 성안로,,,,127.1329394,37.532457
서울특별시 강동구 성내동 성내로14길,,,,127.1270377,37.52567492
서울특별시 강동구 둔촌동 동남로,,,,127.1529749,37.53962994
서울특별시 강동구 암사동 선사로,,,,127.1225585,37.54776589
서울특별시 강동구 천호동 상암로,,,,127.1465774,37.54654957
서울특별시 강동구 천호동 올림픽로92길,,,,127.1285531,37.54755797
서울특별시 강동구 상일동 상일로10길,,,,127.1744629,37.55100563
서울특별시 강동구 상일동 구천면로,,,,127.1466497,37.55056387
서울특별시 강동구 암사동 암사길,,,,127.1402677,37.55239954
서울특별시 강동구 천호동 천호대로,,,,127.1369883,37.53373437
서울특별시 강동구 명일동 고덕로,,,,127.1279265,37.55516272
서울특별시 강동구 천호동 양재대로,,,,127.1430454,37.54595852
서울특별시 강동구 고덕동 고덕로,,,,127.1279265,37.55516272
서울특별시 강동구 상일동 상일로,,,,127.1722106,37.55060337
서울특별시 강동구 상일동 천호대로219길,,,,127.1708172,37.54816372
서울특별시 강동구 암사동 올림픽로,,,,127.1277866,37.54920616
서울특별시 강동구 암사동 구천면로,,,,127.1466497,37.55056387
서울특별시 강동구 성내동 성내로,,,,127.121359,37.52987318
서울특별시 강동구 상일동 동남로,,,,127.1529749,37.53962994
서울특별시 강동구 암사동 올림픽대로,,,,127.1334348,37.56520762
서울특별시 강동구 성내동 풍성로,,,,127.1316234,37.53067233
서울특별시 강동구 천호동 천호대로151길,,,,127.1231284,37.54024116
서울특별시 강동구 천호동 올림픽로,,,,127.1277866,37.54920616
서울특별시 강동구 강일동 미사대로,,,,127.2315618,37.54289903
서울특별시 강동구 강일동 아리수로,,,,127.1544648,37.56228706
서울특별시 강동구 둔촌동 양재대로,,,,127.1430454,37.54595852
서울특별시 강동구 천호동 선사로,,,,127.1225585,37.54776589
서울특별시 강동구 강일동 풍산로,,,,127.1793091,37.56589534
서울특별시 강동구 길동 양재대로,,,,127.1430454,37.54595852
서울특별시 강동구 길동 천중로,,,,127.1317725,37.54391415
서울특별시 강동구 둔촌동 천호대로,,,,127.1369883,37.53373437
서울특별시 강동구 성내동 풍성로54길,,,,127.1327933,37.52784921
서울특별시 강동구 강일동 미사강변남로,,,,127.1913164,37.5601457
서울특별시 강동구 강일동 수도권제1순환고속도로,,,,127.173899,37.56254748
서울특별시 강동구 고덕동 동남로,,,,127.1529749,37.53962994
서울특별시 강동구 상일동 고덕로80길,,,,127.1651728,37.55361087
서울특별시 강동구 길동 양재대로111길,,,,127.1376413,37.53745534
서울특별시 강동구 둔촌동 진황도로,,,,127.1403838,37.53405195
서울특별시 강동구 암사동 고덕로,,,,127.1279265,37.55516272
서울특별시 강동구 성내동 올림픽로,,,,127.1277866,37.54920616
서울특별시 강동구 성내동 천호대로162길,,,,127.1279736,37.5342067
서울특별시 강동구 천호동 진황도로,,,,127.1403838,37.53405195
서울특별시 강동구 명일동 동남로,,,,127.1529749,37.53962994
서울특별시 강동구 길동 명일로,,,,127.1454265,37.536038
서울특별시 강동구 둔촌동 양재대로84길,,,,127.1357888,37.52340041
서울특별시 강동구 상일동 초이로,,,,127.1713862,37.53844285
서울특별시 강동구 상일동 천호대로,,,,127.1369883,37.53373437
서울특별시 강동구 길동 천호대로175길,,,,127.1361258,37.53554372
서울특별시 강동구 고덕동 고덕로83길,,,,127.1693748,37.56063249
서울특별시 강동구 상일동 수도권제1순환고속도로,,,,127.173899,37.56254748
서울특별시 강동구 상일동 고덕로,,,,127.1279265,37.55516272
서울특별시 강동구 상일동 상일로6길,,,,127.1763501,37.54969732
서울특별시 강동구 둔촌동 강동대로,,,,127.1330332,37.52179267
서울특별시 강동구 명일동 구천면로,,,,127.1466497,37.55056387
서울특별시 강동구 명일동 동남로75길,,,,127.1549115,37.55434928
서울특별시 강동구 고덕동 아리수로,,,,127.1544648,37.56228706
서울특별시 강동구 성내동 성안로3길,,,,127.1260158,37.52705001
서울특별시 강동구 천호동 성안로,,,,127.1329394,37.532457
서울특별시 강동구 명일동 명일로,,,,127.1454265,37.536038
서울특별시 강동구 성내동 강동대로55길,,,,127.134242,37.52631953
서울특별시 강북구 번동 오현로32길,,,,127.039709,37.62837713
서울특별시 강북구 미아동 도봉로50길,,,,127.0290327,37.62611546
서울특별시 강북구 수유동 덕릉로19길,,,,127.020074,37.63500209
서울특별시 강북구 수유동 한천로,,,,127.0309614,37.6369381
서울특별시 강북구 미아동 솔샘로,,,,127.0158855,37.62078024
서울특별시 강북구 미아동 삼양로,,,,127.0195483,37.62293388
서울특별시 강북구 미아동 도봉로,,,,127.0278629,37.6234809
서울특별시 강북구 미아동 도봉로67길,,,,127.0218935,37.62993842
서울특별시 강북구 미아동 인수봉로,,,,127.0125535,37.63617336
서울특별시 강북구 수유동 도봉로77길,,,,127.0213642,37.63355743
서울특별시 강북구 수유동 인수봉로,,,,127.0125535,37.63617336
서울특별시 강북구 번동 도봉로,,,,127.0278629,37.6234809
서울특별시 강북구 번동 한천로,,,,127.0309614,37.6369381
서울특별시 강북구 수유동 삼각산로,,,,127.0087885,37.63886428
서울특별시 강북구 수유동 노해로,,,,127.0245803,37.64631298
서울특별시 강북구 수유동 삼양로,,,,127.0195483,37.62293388
서울특별시 강북구 미아동 오현로,,,,127.0379712,37.62722507
서울특별시 강북구 미아동 숭인로,,,,127.0242448,37.61218514
서울특별시 강북구 번동 한천로105길,,,,127.0461425,37.62584573
서울특별시 강북구 번동 오현로34길,,,,127.040158,37.62787663
서울특별시 강북구 수유동 도봉로,,,,127.0278629,37.6234809
서울특별시 강북구 미아동 덕릉로,,,,127.0296602,37.6348409
서울특별시 강북구 번동 월계로,,,,127.0457685,37.62201214
서울특별시 강북구 수유동 한천로159길,,,,127.0193464,37.6444928
서울특별시 강북구 미아동 오패산로,,,,127.0352002,37.61205108
서울특별시 강북구 미아동 삼양로58길,,,,127.0199155,37.62654697
서울특별시 강북구 번동 한천로132길,,,,127.0303341,37.64074094
서울특별시 강북구 번동 한천로109길,,,,127.0399663,37.62653321
서울특별시 강북구 수유동 4.19로,,,,127.0070652,37.64585164
서울특별시 강북구 미아동 솔매로,,,,127.0154899,37.62547058
서울특별시 강북구 미아동 노해로,,,,127.0245803,37.64631298
서울특별시 강북구 미아동 솔샘로48길,,,,127.0182205,37.61939613
서울특별시 강북구 미아동 월계로21나길,,,,127.0382443,37.61665576
서울특별시 강북구 우이동 삼양로,,,,127.0195483,37.62293388
서울특별시 강북구 미아동 월계로,,,,127.0457685,37.62201214
서울특별시 강북구 수유동 수유로,,,,127.0196868,37.6337433
서울특별시 강북구 번동 덕릉로,,,,127.0296602,37.6348409
서울특별시 강북구 미아동 오패산로52사길,,,,127.0324344,37.6271845
서울특별시 강북구 번동 오현로,,,,127.0379712,37.62722507
서울특별시 강북구 미아동 오현로9길,,,,127.0328543,37.62050833
서울특별시 강북구 번동 오현로31길,,,,127.0344548,37.63237673
서울특별시 강북구 수유동 한천로139길,,,,127.0257523,37.63928592
서울특별시 강북구 미아동 도봉로8길,,,,127.0320712,37.61205279
서울특별시 강북구 번동 오패산로,,,,127.0352002,37.61205108
서울특별시 강북구 미아동 솔매로49길,,,,127.0261607,37.62829803
서울특별시 강북구 수유동 덕릉로,,,,127.0296602,37.6348409
서울특별시 강북구 우이동 삼양로173길,,,,127.01081,37.66232769
서울특별시 강북구 번동 돌곶이로,,,,127.0596613,37.60876877
서울특별시 강북구 수유동 솔매로45길,,,,127.024932,37.62716521
서울특별시 강서구 마곡동 마곡중앙8로1길,,,,126.836451,37.56558458
서울특별시 강서구 가양동 양천로49길,,,,126.8402793,37.57135853
서울특별시 강서구 방화동 양천로24길,,,,126.8155249,37.56912164
서울특별시 강서구 등촌동 공항대로39길,,,,126.8445915,37.56138797
서울특별시 강서구 화곡동 곰달래로,,,,126.8527785,37.53123082
서울특별시 강서구 공항동 남부순환로,,,,126.8080738,37.55948123
서울특별시 강서구 등촌동 화곡로69길,,,,126.8515586,37.56200144
서울특별시 강서구 화곡동 강서로,,,,126.8387248,37.54386224
서울특별시 강서구 염창동 올림픽대로,,,,126.8428652,37.5748393
서울특별시 강서구 등촌동 양천로,,,,126.8461118,37.56523296
서울특별시 강서구 등촌동 등촌로51길,,,,126.8598045,37.549519
서울특별시 강서구 화곡동 화곡로,,,,126.8533742,37.557053
서울특별시 강서구 화곡동 강서로17길,,,,126.8415604,37.53249446
서울특별시 강서구 화곡동 가로공원로,,,,126.8400503,37.53817856
서울특별시 강서구 방화동 초원로,,,,126.8073292,37.56724161
서울특별시 강서구 화곡동 등촌로,,,,126.8631306,37.53691385
서울특별시 강서구 화곡동 강서로18길,,,,126.8484533,37.5338917
서울특별시 강서구 방화동 금낭화로,,,,126.8119169,37.57751855
서울특별시 강서구 화곡동 국회대로7길,,,,126.854898,37.52947124
서울특별시 강서구 화곡동 곰달래로49길,,,,126.8549928,37.53670454
서울특별시 강서구 가양동 양천로47길,,,,126.8370207,37.57499258
서울특별시 강서구 마곡동 마곡중앙로,,,,126.827376,37.56325234
서울특별시 강서구 방화동 양천로27길,,,,126.818958,37.57863924
서울특별시 강서구 화곡동 까치산로,,,,126.8536451,37.5523388
서울특별시 강서구 방화동 방화동로,,,,126.8094097,37.5631566
서울특별시 강서구 방화동 양천로,,,,126.8461118,37.56523296
서울특별시 강서구 등촌동 공항대로41길,,,,126.8466642,37.56115385
서울특별시 강서구 등촌동 강서로56길,,,,126.8419049,37.55931594
서울특별시 강서구 마곡동 공항대로,,,,126.8603264,37.55268326
서울특별시 강서구 등촌동 강서로68길,,,,126.8446949,37.56533197
서울특별시 강서구 화곡동 곰달래로53길,,,,126.859852,37.5335342
서울특별시 강서구 마곡동 마곡중앙5로,,,,126.8222505,37.5671195
서울특별시 강서구 공항동 공항대로,,,,126.8603264,37.55268326
서울특별시 강서구 공항동 발산로,,,,126.8183887,37.55383741
서울특별시 강서구 공항동 수원문산고속도로,,,,126.8165791,37.56606202
서울특별시 강서구 등촌동 화곡로65길,,,,126.8500583,37.55955165
서울특별시 강서구 등촌동 화곡로,,,,126.8533742,37.557053
서울특별시 강서구 가양동 공항대로,,,,126.8603264,37.55268326
서울특별시 강서구 마곡동 마곡중앙6로,,,,126.8324976,37.5604114
서울특별시 강서구 방화동 수원문산고속도로,,,,126.8165791,37.56606202
서울특별시 강서구 마곡동 마곡서로,,,,126.8240357,37.57159784
서울특별시 강서구 방화동 초원로16길,,,,126.8151707,37.5653271
서울특별시 강서구 등촌동 공항대로59길,,,,126.863172,37.55370508
서울특별시 강서구 등촌동 공항대로,,,,126.8603264,37.55268326
서울특별시 강서구 화곡동 강서로18다길,,,,126.8472566,37.53519766
서울특별시 강서구 화곡동 곰달래로31길,,,,126.8513844,37.53310905
서울특별시 강서구 가양동 양천로55길,,,,126.8498244,37.56587994
서울특별시 강서구 가양동 곰달래로,,,,126.8527785,37.53123082
서울특별시 강서구 내발산동 공항대로,,,,126.8603264,37.55268326
서울특별시 강서구 염창동 양천로,,,,126.8461118,37.56523296
서울특별시 강서구 화곡동 등촌로13길,,,,126.8585336,37.53911149
서울특별시 강서구 화곡동 우현로,,,,126.8445267,37.54716078
서울특별시 강서구 화곡동 공항대로,,,,126.8603264,37.55268326
서울특별시 강서구 마곡동 양천로,,,,126.8461118,37.56523296
서울특별시 강서구 마곡동 마곡중앙1로,,,,126.8215522,37.55856943
서울특별시 강서구 개화동 개화동로,,,,126.8044079,37.57104859
서울특별시 강서구 등촌동 등촌로,,,,126.8631306,37.53691385
서울특별시 강서구 화곡동 화곡로58길,,,,126.8526038,37.55310668
서울특별시 강서구 화곡동 월정로,,,,126.8392158,37.52881406
서울특별시 강서구 방화동 개화동로,,,,126.8044079,37.57104859
서울특별시 강서구 방화동 방화대로,,,,126.8158524,37.56317976
서울특별시 강서구 가양동 올림픽대로,,,,126.8428652,37.5748393
서울특별시 강서구 가양동 양천로,,,,126.8461118,37.56523296
서울특별시 강서구 가양동 화곡로73길,,,,126.853832,37.56770113
서울특별시 강서구 방화동 공항대로,,,,126.8603264,37.55268326
서울특별시 강서구 화곡동 강서로5나길,,,,126.8476283,37.52881255
서울특별시 강서구 화곡동 초록마을로,,,,126.8456235,37.54471944
서울특별시 강서구 화곡동 강서로5길,,,,126.848707,37.528259
서울특별시 강서구 내발산동 수명로,,,,126.8242267,37.55021381
서울특별시 강서구 내발산동 공항대로42길,,,,126.8435645,37.55625541
서울특별시 강서구 방화동 하늘길,,,,126.8059327,37.55801538
서울특별시 강서구 염창동 공항대로59다길,,,,126.869734,37.55117245
서울특별시 강서구 등촌동 공항대로45길,,,,126.8546889,37.55553077
서울특별시 강서구 등촌동 강서로,,,,126.8387248,37.54386224
서울특별시 강서구 화곡동 화곡로15길,,,,126.8345029,37.54114033
서울특별시 강서구 화곡동 등촌로13바길,,,,126.857614,37.53523021
서울특별시 강서구 가양동 허준로,,,,126.853547,37.56525413
서울특별시 강서구 가양동 화곡로,,,,126.8533742,37.557053
서울특별시 강서구 마곡동 마곡중앙12로,,,,126.8307288,37.56904598
서울특별시 강서구 내발산동 강서로,,,,126.8387248,37.54386224
서울특별시 강서구 개화동 김포대로,,,,126.798582,37.58218611
서울특별시 강서구 염창동 목동중앙본로,,,,126.8695407,37.54118191
서울특별시 강서구 화곡동 강서로41길,,,,126.8350716,37.54284413
서울특별시 강서구 마곡동 마곡중앙10로,,,,126.833647,37.56379388
서울특별시 강서구 염창동 공항대로,,,,126.8603264,37.55268326
서울특별시 강서구 등촌동 공항대로43길,,,,126.8503459,37.56003768
서울특별시 강서구 화곡동 가로공원로76길,,,,126.8368813,37.53576555
서울특별시 강서구 가양동 양천로57길,,,,126.8527389,37.56302419
서울특별시 강서구 마곡동 마곡중앙5로1길,,,,126.8265014,37.56943018
서울특별시 강서구 외발산동 오정로,,,,126.7998398,37.54507155
서울특별시 강서구 공항동 오정로,,,,126.7998398,37.54507155
서울특별시 강서구 방화동 방화대로47가길,,,,126.8144941,37.57928388
서울특별시 강서구 개화동 금포로,,,,126.8000127,37.5907068
서울특별시 관악구 신림동 광신길,,,,126.9307133,37.46707866
서울특별시 관악구 신림동 난곡로,,,,126.9192293,37.46338701
서울특별시 관악구 봉천동 관악로,,,,126.9552661,37.48520756
서울특별시 관악구 봉천동 보라매로,,,,126.9271869,37.49282984
서울특별시 관악구 봉천동 쑥고개로,,,,126.9432029,37.47976578
서울특별시 관악구 봉천동 관악로11길,,,,126.9476861,37.47832274
서울특별시 관악구 신림동 남부순환로,,,,126.9421483,37.48282342
서울특별시 관악구 봉천동 은천로,,,,126.943341,37.4861575
서울특별시 관악구 봉천동 남부순환로,,,,126.9421483,37.48282342
서울특별시 관악구 신림동 봉천로,,,,126.9347612,37.48586506
서울특별시 관악구 신림동 신원로,,,,126.9295372,37.48167572
서울특별시 관악구 신림동 시흥대로,,,,126.9010271,37.48169081
서울특별시 관악구 신림동 원신길,,,,126.9292687,37.46443948
서울특별시 관악구 신림동 신림로,,,,126.9397646,37.47012859
서울특별시 관악구 봉천동 봉천로,,,,126.9347612,37.48586506
서울특별시 관악구 신림동 호암로,,,,126.9269988,37.4583599
서울특별시 관악구 신림동 난우길,,,,126.9181798,37.47587514
서울특별시 관악구 신림동 조원로,,,,126.9214177,37.48630172
서울특별시 관악구 신림동 복은길,,,,126.9371013,37.47474031
서울특별시 관악구 신림동 신사로,,,,126.9093044,37.48509616
서울특별시 관악구 신림동 법원단지길,,,,126.921522,37.47458034
서울특별시 관악구 남현동 남부순환로,,,,126.9421483,37.48282342
서울특별시 관악구 신림동 조원로18길,,,,126.9121998,37.48388199
서울특별시 관악구 신림동 대학길,,,,126.9373275,37.46811894
서울특별시 관악구 신림동 남부순환로187길,,,,126.9332954,37.48553843
서울특별시 관악구 봉천동 낙성대로3길,,,,126.960332,37.4745696
서울특별시 관악구 봉천동 양녕로,,,,126.9466603,37.48604431
서울특별시 관악구 봉천동 관악로40길,,,,126.9589781,37.49184019
서울특별시 관악구 봉천동 관악로5길,,,,126.9518946,37.47524737
서울특별시 관악구 봉천동 관악로28길,,,,126.9580222,37.48507203
서울특별시 관악구 봉천동 국회단지길,,,,126.9400107,37.48643247
서울특별시 관악구 봉천동 청룡길,,,,126.9458912,37.4793556
서울특별시 관악구 봉천동 성현로,,,,126.9500079,37.49198912
서울특별시 관악구 신림동 문성로,,,,126.9127137,37.47722602
서울특별시 구로구 개봉동 개봉로20길,,,,126.8592522,37.49325335
서울특별시 구로구 구로동 새말로12길,,,,126.8867255,37.50221152
서울특별시 구로구 고척동 중앙로,,,,126.86027,37.50533356
서울특별시 구로구 구로동 도림로,,,,126.8867506,37.48510011
서울특별시 구로구 궁동 오리로,,,,126.8389423,37.48748255
서울특별시 구로구 가리봉동 디지털로,,,,126.8919241,37.48040185
서울특별시 구로구 궁동 부일로,,,,126.8352848,37.49362811
서울특별시 구로구 구로동 경인로,,,,126.8415303,37.49458611
서울특별시 구로구 구로동 구일로4길,,,,126.8760819,37.49195085
서울특별시 구로구 신도림동 경인로67길,,,,126.888162,37.51174511
서울특별시 구로구 구로동 도림천로,,,,126.8930146,37.50316145
서울특별시 구로구 구로동 가마산로,,,,126.8810787,37.48854517
서울특별시 구로구 신도림동 신도림로,,,,126.8856047,37.51120846
서울특별시 구로구 구로동 시흥대로161길,,,,126.8976751,37.47938485
서울특별시 구로구 구로동 새말로20길,,,,126.8930723,37.5046969
서울특별시 구로구 구로동 구로중앙로,,,,126.8871762,37.49658961
서울특별시 구로구 오류동 경인로,,,,126.8415303,37.49458611
서울특별시 구로구 구로동 구로중앙로34길,,,,126.8864579,37.50139018
서울특별시 구로구 고척동 중앙로15길,,,,126.8542042,37.50777231
서울특별시 구로구 개봉동 개봉로19길,,,,126.8542621,37.49385452
서울특별시 구로구 개봉동 개봉로,,,,126.8564283,37.488723
서울특별시 구로구 오류동 서해안로,,,,126.8368014,37.48957067
서울특별시 구로구 오류동 오류로,,,,126.8395854,37.48820391
서울특별시 구로구 구로동 공원로8길,,,,126.8908761,37.50337901
서울특별시 구로구 가리봉동 남부순환로105길,,,,126.8882949,37.48041689
서울특별시 구로구 고척동 경서로,,,,126.8564368,37.49781032
서울특별시 구로구 구로동 구로동로28길,,,,126.88779,37.49092777
서울특별시 구로구 고척동 중앙로3길,,,,126.86215,37.49943825
서울특별시 구로구 고척동 경인로47길,,,,126.86444,37.50226765
서울특별시 구로구 온수동 부일로9길,,,,126.8215416,37.49735298
서울특별시 구로구 천왕동 오리로,,,,126.8389423,37.48748255
서울특별시 구로구 항동 서해안로,,,,126.8368014,37.48957067
서울특별시 구로구 구로동 구일로,,,,126.8728126,37.49666308
서울특별시 구로구 개봉동 고척로21나길,,,,126.8429019,37.50221126
서울특별시 구로구 오류동 고척로,,,,126.8400865,37.49697118
서울특별시 구로구 구로동 구로중앙로28길,,,,126.8871011,37.50037781
서울특별시 구로구 가리봉동 구로동로,,,,126.8852957,37.48604419
서울특별시 구로구 고척동 경인로43길,,,,126.8603817,37.49860131
서울특별시 구로구 구로동 구로동로25길,,,,126.8821772,37.48978831
서울특별시 구로구 구로동 구로동로35길,,,,126.8825296,37.49323015
서울특별시 구로구 구로동 디지털로,,,,126.8919241,37.48040185
서울특별시 구로구 구로동 새말로,,,,126.8849884,37.50243724
서울특별시 구로구 고척동 고척로,,,,126.8400865,37.49697118
서울특별시 구로구 개봉동 경인로40길,,,,126.8591521,37.49588236
서울특별시 구로구 개봉동 경인로33길,,,,126.8520589,37.4993969
서울특별시 구로구 신도림동 경인로,,,,126.8415303,37.49458611
서울특별시 구로구 구로동 경인로51길,,,,126.8731077,37.50226657
서울특별시 구로구 가리봉동 남부순환로,,,,126.8767107,37.48780399
서울특별시 구로구 고척동 경인로,,,,126.8415303,37.49458611
서울특별시 구로구 오류동 오리로,,,,126.8389423,37.48748255
서울특별시 구로구 신도림동 구로중앙로42길,,,,126.8790427,37.51088599
서울특별시 구로구 구로동 구로중앙로31길,,,,126.8843745,37.49909776
서울특별시 구로구 구로동 시흥대로,,,,126.9015022,37.48477305
서울특별시 구로구 구로동 구로동로,,,,126.8852957,37.48604419
서울특별시 구로구 구로동 디지털로32길,,,,126.9010291,37.48360081
서울특별시 구로구 구로동 남부순환로,,,,126.8767107,37.48780399
서울특별시 구로구 고척동 중앙로8길,,,,126.8645247,37.50324938
서울특별시 구로구 개봉동 남부순환로,,,,126.8767107,37.48780399
서울특별시 구로구 궁동 부일로19길,,,,126.8343603,37.49657167
서울특별시 구로구 신도림동 경인로59길,,,,126.8823204,37.50713368
서울특별시 구로구 구로동 디지털로31길,,,,126.892097,37.48552129
서울특별시 구로구 고척동 중앙로14길,,,,126.861858,37.50697282
서울특별시 구로구 개봉동 고척로23길,,,,126.8468063,37.50223601
서울특별시 구로구 궁동 오리로22가길,,,,126.8296425,37.50259767
서울특별시 구로구 개봉동 개봉로17라길,,,,126.8535284,37.49268483
서울특별시 구로구 개봉동 고척로22길,,,,126.8472608,37.49958554
서울특별시 구로구 개봉동 고척로25길,,,,126.8461187,37.50357951
서울특별시 구로구 개봉동 개봉로17길,,,,126.8528077,37.49127923
서울특별시 구로구 구로동 경인로53길,,,,126.8750616,37.50377165
서울특별시 구로구 구로동 디지털로26길,,,,126.8945389,37.48005557
서울특별시 구로구 개봉동 서해안로34길,,,,126.8491813,37.4945746
서울특별시 구로구 개봉동 개봉로23가길,,,,126.8597233,37.49511903
서울특별시 구로구 개봉동 고척로,,,,126.8400865,37.49697118
서울특별시 구로구 개봉동 경인로,,,,126.8415303,37.49458611
서울특별시 구로구 궁동 부일로15길,,,,126.8344489,37.4936528
서울특별시 구로구 천왕동 금오로,,,,126.8428473,37.47882434
서울특별시 구로구 신도림동 공원로,,,,126.8918703,37.50028838
서울특별시 금천구 시흥동 독산로,,,,126.9057421,37.44928715
서울특별시 금천구 가산동 시흥대로153길,,,,126.8935352,37.4764318
서울특별시 금천구 독산동 서부샛길,,,,126.8826484,37.47010845
서울특별시 금천구 시흥동 탑골로,,,,126.9156091,37.45208153
서울특별시 금천구 가산동 가산로9길,,,,126.8906038,37.47753068
서울특별시 금천구 시흥동 금하로,,,,126.907907,37.45131106
서울특별시 금천구 시흥동 강남순환로,,,,126.9155025,37.44157788
서울특별시 금천구 독산동 시흥대로,,,,126.9004019,37.45629395
서울특별시 금천구 독산동 범안로16길,,,,126.8946326,37.46582283
서울특별시 금천구 시흥동 시흥대로73길,,,,126.8971184,37.45659998
서울특별시 금천구 가산동 서부샛길,,,,126.8826484,37.47010845
서울특별시 금천구 시흥동 독산로50길,,,,126.9078482,37.46222936
서울특별시 금천구 시흥동 범안로,,,,126.8996247,37.46619009
서울특별시 금천구 시흥동 은행나무로,,,,126.9054461,37.45079691
서울특별시 금천구 독산동 범안로,,,,126.8996247,37.46619009
서울특별시 금천구 독산동 범안로17길,,,,126.8936061,37.46746718
서울특별시 금천구 가산동 디지털로,,,,126.889798,37.47851527
서울특별시 금천구 독산동 가산로,,,,126.9015818,37.47081456
서울특별시 금천구 독산동 벚꽃로,,,,126.8820924,37.4844295
서울특별시 금천구 시흥동 시흥대로,,,,126.9004019,37.45629395
서울특별시 금천구 가산동 벚꽃로36길,,,,126.8849679,37.48106174
서울특별시 금천구 독산동 독산로,,,,126.9057421,37.44928715
서울특별시 금천구 시흥동 서해안고속도로,,,,126.8951151,37.45231971
서울특별시 금천구 독산동 안양천로,,,,126.8906263,37.45661368
서울특별시 금천구 시흥동 호암로,,,,126.9204603,37.44798798
서울특별시 금천구 가산동 범안로,,,,126.8996247,37.46619009
서울특별시 금천구 가산동 남부순환로,,,,126.8941936,37.47822057
서울특별시 금천구 독산동 시흥대로153길,,,,126.8935352,37.4764318
서울특별시 금천구 가산동 디지털로10길,,,,126.8893635,37.47627037
서울특별시 금천구 독산동 가산로5길,,,,126.8905401,37.47364505
서울특별시 금천구 독산동 남부순환로,,,,126.8941936,37.47822057
서울특별시 노원구 상계동 덕릉로,,,,127.0839349,37.67385714
서울특별시 노원구 중계동 노원로19길,,,,127.068963,37.64476132
서울특별시 노원구 중계동 한글비석로20길,,,,127.0738978,37.66053717
서울특별시 노원구 월계동 초안산로,,,,127.0522532,37.63327153
서울특별시 노원구 상계동 덕릉로115다길,,,,127.0779637,37.66871814
서울특별시 노원구 중계동 동일로210길,,,,127.0656222,37.64865305
서울특별시 노원구 중계동 섬밭로,,,,127.0631715,37.64429116
서울특별시 노원구 공릉동 동일로,,,,127.0557379,37.68705097
서울특별시 노원구 하계동 노원로16길,,,,127.0749265,37.64233838
서울특별시 노원구 하계동 한글비석로,,,,127.0707147,37.6620326
서울특별시 노원구 하계동 섬밭로,,,,127.0631715,37.64429116
서울특별시 노원구 상계동 수락산로,,,,127.0551738,37.67110431
서울특별시 노원구 상계동 동일로,,,,127.0557379,37.68705097
서울특별시 노원구 월계동 우이천로,,,,127.0463511,37.62820539
서울특별시 노원구 월계동 월계로,,,,127.0583328,37.62954197
서울특별시 노원구 상계동 노원로26가길,,,,127.0702959,37.65322209
서울특별시 노원구 중계동 동일로203가길,,,,127.0649526,37.63951027
서울특별시 노원구 월계동 마들로,,,,127.0636266,37.62974769
서울특별시 노원구 월계동 덕릉로60길,,,,127.0452105,37.63053752
서울특별시 노원구 하계동 공릉로,,,,127.0797751,37.62554613
서울특별시 노원구 상계동 동일로245가길,,,,127.0545477,37.68010835
서울특별시 노원구 상계동 한글비석로46길,,,,127.0691162,37.66551722
서울특별시 노원구 중계동 동일로,,,,127.0557379,37.68705097
서울특별시 노원구 중계동 덕릉로82길,,,,127.078358,37.66027181
서울특별시 노원구 공릉동 동일로174길,,,,127.0773843,37.61972505
서울특별시 노원구 상계동 상계로,,,,127.0781499,37.66970815
서울특별시 노원구 상계동 노원로,,,,127.0714332,37.64389176
서울특별시 노원구 상계동 동부간선로,,,,127.055545,37.64995651
서울특별시 노원구 월계동 광운로,,,,127.0579377,37.6202242
서울특별시 노원구 월계동 석계로,,,,127.0635047,37.61829308
서울특별시 노원구 공릉동 화랑로,,,,127.0739751,37.61771058
서울특별시 노원구 중계동 한글비석로,,,,127.0707147,37.6620326
서울특별시 노원구 중계동 한글비석로19길,,,,127.0727783,37.65827451
서울특별시 노원구 중계동 중계로19길,,,,127.0761501,37.64940757
서울특별시 노원구 상계동 동일로228길,,,,127.059088,37.66773372
서울특별시 노원구 중계동 동일로208길,,,,127.0659707,37.64391743
서울특별시 노원구 월계동 화랑로,,,,127.0739751,37.61771058
서울특별시 노원구 공릉동 공릉로46길,,,,127.0820058,37.62758342
서울특별시 노원구 공릉동 동일로191길,,,,127.0718657,37.62495253
서울특별시 노원구 중계동 덕릉로,,,,127.0839349,37.67385714
서울특별시 노원구 중계동 한글비석로22길,,,,127.074148,37.66121666
서울특별시 노원구 중계동 덕릉로70길,,,,127.0606943,37.64268181
서울특별시 노원구 월계동 초안산로1길,,,,127.0531005,37.62774418
서울특별시 노원구 중계동 중계로14나길,,,,127.0825063,37.64880199
서울특별시 노원구 중계동 노원로24길,,,,127.0718093,37.6533391
서울특별시 노원구 하계동 노원로,,,,127.0714332,37.64389176
서울특별시 노원구 상계동 동일로243길,,,,127.0518012,37.67901696
서울특별시 노원구 중계동 덕릉로73길,,,,127.072164,37.65212099
서울특별시 노원구 중계동 중계로,,,,127.0828051,37.64110145
서울특별시 노원구 월계동 월계로45가길,,,,127.0509841,37.62993873
서울특별시 노원구 상계동 한글비석로,,,,127.0707147,37.6620326
서울특별시 노원구 월계동 석계로1길,,,,127.0621488,37.61558283
서울특별시 노원구 중계동 공릉로,,,,127.0797751,37.62554613
서울특별시 노원구 상계동 노해로,,,,127.0594776,37.65378602
서울특별시 노원구 상계동 노원로38길,,,,127.0616445,37.66298342
서울특별시 노원구 중계동 중계로18길,,,,127.0775405,37.65129613
서울특별시 노원구 중계동 동일로203길,,,,127.064166,37.63793257
서울특별시 노원구 공릉동 공릉로,,,,127.0797751,37.62554613
서울특별시 노원구 공릉동 동일로197길,,,,127.0693904,37.62719944
서울특별시 노원구 공릉동 동일로173길,,,,127.0739585,37.61834663
서울특별시 노원구 중계동 노원로,,,,127.0714332,37.64389176
서울특별시 노원구 월계동 월계로53길,,,,127.0586681,37.63224104
서울특별시 노원구 공릉동 동일로192길,,,,127.0755185,37.62666407
서울특별시 노원구 공릉동 섬밭로,,,,127.0631715,37.64429116
서울특별시 노원구 하계동 노원로18길,,,,127.0734448,37.6438255
서울특별시 노원구 상계동 노해로77길,,,,127.0596936,37.65460599
서울특별시 노원구 공릉동 화랑로51길,,,,127.0887929,37.62498852
서울특별시 노원구 하계동 동일로,,,,127.0557379,37.68705097
서울특별시 노원구 상계동 방학로,,,,127.0142884,37.66252114
서울특별시 노원구 중계동 중계로17길,,,,127.077182,37.64952263
서울특별시 노원구 중계동 한글비석로15길,,,,127.0734242,37.65520652
서울특별시 노원구 중계동 중계로8길,,,,127.0851272,37.64639807
서울특별시 노원구 공릉동 동일로182길,,,,127.0757844,37.62314057
서울특별시 노원구 공릉동 노원로,,,,127.0714332,37.64389176
서울특별시 노원구 하계동 노원로14길,,,,127.0743499,37.63974004
서울특별시 노원구 중계동 동일로206길,,,,127.0670933,37.64146764
서울특별시 도봉구 창동 해등로16길,,,,127.0405308,37.6565735
서울특별시 도봉구 도봉동 도봉로180가길,,,,127.0464987,37.68628898
서울특별시 도봉구 도봉동 도봉로154길,,,,127.0448244,37.67143065
서울특별시 도봉구 쌍문동 도봉로,,,,127.0457579,37.68964167
서울특별시 도봉구 창동 마들로11길,,,,127.0480811,37.65402232
서울특별시 도봉구 방학동 방학로,,,,127.0244123,37.66191539
서울특별시 도봉구 창동 노해로63가길,,,,127.0447742,37.65371395
서울특별시 도봉구 쌍문동 해등로,,,,127.0345798,37.65855955
서울특별시 도봉구 방학동 도봉로150길,,,,127.0446482,37.66606296
서울특별시 도봉구 창동 노해로69길,,,,127.0516089,37.65305006
서울특별시 도봉구 도봉동 도봉로181길,,,,127.0415295,37.68534951
서울특별시 도봉구 쌍문동 우이천로34길,,,,127.0242097,37.65042883
서울특별시 도봉구 쌍문동 노해로,,,,127.0346125,37.65139646
서울특별시 도봉구 방학동 도봉로,,,,127.0457579,37.68964167
서울특별시 도봉구 창동 노해로65길,,,,127.0474032,37.65162726
서울특별시 도봉구 창동 도봉로,,,,127.0457579,37.68964167
서울특별시 도봉구 도봉동 마들로,,,,127.0532968,37.64263023
서울특별시 도봉구 쌍문동 시루봉로,,,,127.0365906,37.670066
서울특별시 도봉구 방학동 도당로,,,,127.0417201,37.66689161
서울특별시 도봉구 방학동 해등로,,,,127.0345798,37.65855955
서울특별시 도봉구 창동 노해로,,,,127.0346125,37.65139646
서울특별시 도봉구 창동 덕릉로,,,,127.0381211,37.63828796
서울특별시 도봉구 창동 덕릉로60길,,,,127.0426893,37.63314286
서울특별시 도봉구 방학동 도봉로150나길,,,,127.044385,37.66442847
서울특별시 도봉구 방학동 시루봉로,,,,127.0365906,37.670066
서울특별시 도봉구 창동 우이천로,,,,127.026654,37.64655806
서울특별시 도봉구 창동 해등로,,,,127.0345798,37.65855955
서울특별시 도봉구 쌍문동 우이천로,,,,127.026654,37.64655806
서울특별시 도봉구 도봉동 도봉로180길,,,,127.0466312,37.68089647
서울특별시 도봉구 방학동 도봉로152길,,,,127.0458303,37.66950367
서울특별시 도봉구 창동 노해로70길,,,,127.0521559,37.6492374
서울특별시 도봉구 도봉동 도봉로,,,,127.0457579,37.68964167
서울특별시 도봉구 도봉동 도봉로152길,,,,127.0458303,37.66950367
서울특별시 도봉구 도봉동 도봉로169가길,,,,127.0429019,37.68180536
서울특별시 도봉구 쌍문동 시루봉로2길,,,,127.0326485,37.65533925
서울특별시 도봉구 도봉동 도봉산길,,,,127.0409235,37.68676228
서울특별시 도봉구 도봉동 도봉로169나길,,,,127.0437961,37.67669801
서울특별시 도봉구 도봉동 시루봉로,,,,127.0365906,37.670066
서울특별시 도봉구 창동 우이천로4길,,,,127.0410885,37.63391152
서울특별시 도봉구 창동 도봉로104길,,,,127.0353412,37.64403945
서울특별시 도봉구 도봉동 창포원로,,,,127.0491473,37.69099792
서울특별시 도봉구 쌍문동 도당로,,,,127.0417201,37.66689161
서울특별시 도봉구 쌍문동 삼양로,,,,127.013832,37.65435525
서울특별시 도봉구 창동 해등로3길,,,,127.040152,37.64664067
서울특별시 도봉구 도봉동 도봉로170길,,,,127.0475746,37.68044025
서울특별시 도봉구 쌍문동 노해로41길,,,,127.0263319,37.64965829
서울특별시 도봉구 창동 덕릉로63가길,,,,127.0388718,37.64368006
서울특별시 도봉구 쌍문동 우이천로38길,,,,127.0231835,37.65207614
서울특별시 도봉구 창동 마들로,,,,127.0532968,37.64263023
서울특별시 도봉구 창동 노해로63길,,,,127.0454552,37.65282202
서울특별시 동대문구 전농동 서울시립대로,,,,127.0469665,37.57608462
서울특별시 동대문구 휘경동 망우로,,,,127.0586587,37.58939272
서울특별시 동대문구 제기동 고산자로,,,,127.03764,37.5870716
서울특별시 동대문구 제기동 고산자로56길,,,,127.0384922,37.58945649
서울특별시 동대문구 제기동 경동시장로,,,,127.0402422,37.58461367
서울특별시 동대문구 답십리동 사가정로4길,,,,127.0534087,37.5713753
서울특별시 동대문구 제기동 제기로,,,,127.0377225,37.58681398
서울특별시 동대문구 제기동 경동시장로2길,,,,127.0425267,37.5799864
서울특별시 동대문구 전농동 왕산로,,,,127.0520225,37.58708464
서울특별시 동대문구 청량리동 제기로,,,,127.0377225,37.58681398
서울특별시 동대문구 용두동 청계천로,,,,127.033177,37.57062119
서울특별시 동대문구 답십리동 전농로,,,,127.053475,37.58289715
서울특별시 동대문구 용두동 천호대로,,,,127.0320399,37.57367901
서울특별시 동대문구 장안동 장안벚꽃로,,,,127.0719054,37.56286079
서울특별시 동대문구 이문동 이문로9길,,,,127.0566742,37.5935201
서울특별시 동대문구 신설동 난계로,,,,127.0233017,37.57368788
서울특별시 동대문구 제기동 왕산로,,,,127.0520225,37.58708464
서울특별시 동대문구 장안동 장한로18길,,,,127.0699196,37.56685288
서울특별시 동대문구 회기동 이문로,,,,127.0616124,37.60341044
서울특별시 동대문구 장안동 사가정로,,,,127.0596382,37.57758295
서울특별시 동대문구 장안동 장한로,,,,127.0701111,37.56978503
서울특별시 동대문구 청량리동 회기로,,,,127.0535686,37.59078564
서울특별시 동대문구 이문동 한천로,,,,127.0648714,37.57102721
서울특별시 동대문구 답십리동 황물로,,,,127.0511381,37.56981269
서울특별시 동대문구 이문동 이문로,,,,127.0616124,37.60341044
서울특별시 동대문구 전농동 답십리로,,,,127.0520106,37.57373575
서울특별시 동대문구 답십리동 답십리로57길,,,,127.0614434,37.5743334
서울특별시 동대문구 신설동 한빛로,,,,127.0316359,37.57848676
서울특별시 동대문구 신설동 왕산로,,,,127.0520225,37.58708464
서울특별시 동대문구 용두동 왕산로,,,,127.0520225,37.58708464
서울특별시 동대문구 용두동 답십리로,,,,127.0520106,37.57373575
서울특별시 동대문구 답십리동 답십리로,,,,127.0520106,37.57373575
서울특별시 동대문구 청량리동 왕산로,,,,127.0520225,37.58708464
서울특별시 동대문구 청량리동 약령시로,,,,127.0450381,37.58219225
서울특별시 동대문구 이문동 외대역동로,,,,127.0645792,37.59458879
서울특별시 동대문구 답십리동 한천로,,,,127.0648714,37.57102721
서울특별시 동대문구 장안동 답십리로66길,,,,127.0681176,37.57161079
서울특별시 동대문구 장안동 답십리로72길,,,,127.0730162,37.56969694
서울특별시 동대문구 장안동 답십리로69길,,,,127.0741081,37.57583015
서울특별시 동대문구 휘경동 장안벚꽃로,,,,127.0719054,37.56286079
서울특별시 동대문구 용두동 무학로,,,,127.0296753,37.58090313
서울특별시 동대문구 답십리동 천호대로,,,,127.0320399,37.57367901
서울특별시 동대문구 장안동 답십리로,,,,127.0520106,37.57373575
서울특별시 동대문구 용두동 천호대로27길,,,,127.0374311,37.57583239
서울특별시 동대문구 장안동 천호대로,,,,127.0320399,37.57367901
서울특별시 동대문구 장안동 답십리로65길,,,,127.0707568,37.57812476
서울특별시 동대문구 장안동 장한로17길,,,,127.0667402,37.56766745
서울특별시 동대문구 휘경동 한천로,,,,127.0648714,37.57102721
서울특별시 동대문구 용두동 고산자로,,,,127.03764,37.5870716
서울특별시 동대문구 전농동 사가정로,,,,127.0596382,37.57758295
서울특별시 동대문구 장안동 한천로,,,,127.0648714,37.57102721
서울특별시 동대문구 장안동 천호대로77길,,,,127.062451,37.56464704
서울특별시 동대문구 휘경동 휘경로,,,,127.0613271,37.59622826
서울특별시 동대문구 휘경동 망우로21길,,,,127.0597461,37.59020223
서울특별시 동대문구 이문동 천장산로,,,,127.0606324,37.59802575
서울특별시 동대문구 제기동 정릉천동로,,,,127.0360748,37.58167837
서울특별시 동대문구 장안동 한천로14길,,,,127.0633435,37.56692013
서울특별시 동대문구 장안동 장한로2길,,,,127.0669202,37.56239002
서울특별시 동대문구 청량리동 홍릉로,,,,127.0436074,37.58370562
서울특별시 동대문구 용두동 왕산로26길,,,,127.0364517,37.57653937
서울특별시 동대문구 제기동 약령시로,,,,127.0450381,37.58219225
서울특별시 동대문구 신설동 종로,,,,126.9989704,37.57067532
서울특별시 동대문구 장안동 장한로25길,,,,127.0688952,37.57196601
서울특별시 동대문구 장안동 장한로5길,,,,127.0623303,37.56568881
서울특별시 동대문구 장안동 장한로22길,,,,127.0722304,37.56832716
서울특별시 동대문구 이문동 한천로58길,,,,127.0710742,37.60171816
서울특별시 동대문구 제기동 안암로,,,,127.0328244,37.58578127
서울특별시 동대문구 휘경동 왕산로,,,,127.0520225,37.58708464
서울특별시 동대문구 휘경동 외대역동로,,,,127.0645792,37.59458879
서울특별시 동작구 상도동 상도로,,,,126.9539606,37.49552227
서울특별시 동작구 상도동 성대로2길,,,,126.9314368,37.49949658
서울특별시 동작구 상도동 성대로1길,,,,126.9348758,37.50122001
서울특별시 동작구 상도동 상도로15길,,,,126.9352882,37.50376223
서울특별시 동작구 노량진동 만양로,,,,126.9471051,37.50622109
서울특별시 동작구 사당동 사당로17길,,,,126.9728081,37.48598917
서울특별시 동작구 노량진동 장승배기로,,,,126.9413804,37.50149107
서울특별시 동작구 흑석동 서달로,,,,126.9603804,37.50190132
서울특별시 동작구 사당동 동작대로29길,,,,126.9765378,37.49282964
서울특별시 동작구 대방동 등용로14길,,,,126.9347879,37.51254266
서울특별시 동작구 노량진동 노량진로8길,,,,126.9379529,37.51232401
서울특별시 동작구 사당동 사당로23나길,,,,126.976731,37.48860763
서울특별시 동작구 신대방동 보라매로5길,,,,126.9281613,37.49681143
서울특별시 동작구 상도동 양녕로,,,,126.9498852,37.50399038
서울특별시 동작구 본동 노량진로23가길,,,,126.950556,37.51489432
서울특별시 동작구 대방동 대방동27길,,,,126.9241565,37.50252521
서울특별시 동작구 상도동 만양로,,,,126.9471051,37.50622109
서울특별시 동작구 상도동 성대로,,,,126.940902,37.50007148
서울특별시 동작구 상도동 장승배기로,,,,126.9413804,37.50149107
서울특별시 동작구 상도동 성대로12길,,,,126.935847,37.49708667
서울특별시 동작구 상도1동 양녕로,,,,126.9498852,37.50399038
서울특별시 동작구 사당동 사당로23길,,,,126.9746901,37.4865839
서울특별시 동작구 신대방동 시흥대로,,,,126.9062713,37.48875783
서울특별시 동작구 노량진동 노량진로,,,,126.9546684,37.51243096
서울특별시 동작구 상도동 국사봉1길,,,,126.9316631,37.49731078
서울특별시 동작구 흑석동 현충로,,,,126.9644408,37.50883776
서울특별시 동작구 사당동 사당로,,,,126.9671393,37.48777853
서울특별시 동작구 대방동 여의대방로,,,,126.91277,37.49595888
서울특별시 동작구 신대방동 여의대방로,,,,126.91277,37.49595888
서울특별시 동작구 사당동 동작대로,,,,126.9822517,37.49063878
서울특별시 동작구 대방동 여의대방로24길,,,,126.9209408,37.49815298
서울특별시 동작구 신대방동 여의대방로22길,,,,126.9224505,37.49739853
서울특별시 동작구 신대방동 여의대방로24길,,,,126.9209408,37.49815298
서울특별시 동작구 상도동 양녕로23길,,,,126.9404303,37.49677817
서울특별시 동작구 사당동 남부순환로,,,,126.975725,37.47663695
서울특별시 동작구 대방동 여의대방로36길,,,,126.9270182,37.50620353
서울특별시 동작구 신대방동 대림로,,,,126.9120923,37.48759943
서울특별시 동작구 신대방동 여의대방로10길,,,,126.9147215,37.49427462
서울특별시 동작구 본동 노량진로,,,,126.9546684,37.51243096
서울특별시 동작구 상도동 상도로26길,,,,126.9384141,37.50396991
서울특별시 동작구 본동 매봉로,,,,126.9512464,37.51159447
서울특별시 동작구 흑석동 올림픽대로,,,,126.9638908,37.51059676
서울특별시 동작구 노량진동 양녕로,,,,126.9498852,37.50399038
서울특별시 동작구 상도동 상도로53길,,,,126.9533963,37.50167913
서울특별시 동작구 본동 올림픽대로,,,,126.9638908,37.51059676
서울특별시 동작구 본동 양녕로,,,,126.9498852,37.50399038
서울특별시 동작구 동작동 사당로23나길,,,,126.976731,37.48860763
서울특별시 동작구 사당동 동작대로23길,,,,126.98087,37.48421162
서울특별시 동작구 대방동 대방동길,,,,126.9257254,37.50280618
서울특별시 동작구 상도1동 상도로,,,,126.9539606,37.49552227
서울특별시 동작구 본동 현충로,,,,126.9644408,37.50883776
서울특별시 동작구 노량진동 올림픽대로,,,,126.9638908,37.51059676
서울특별시 동작구 상도동 양녕로26길,,,,126.9441961,37.49731937
서울특별시 동작구 대방동 상도로,,,,126.9539606,37.49552227
서울특별시 동작구 상도동 국사봉길,,,,126.9316324,37.49631468
서울특별시 동작구 대방동 등용로,,,,126.9319601,37.50845474
서울특별시 동작구 신대방동 보라매로5가길,,,,126.9246785,37.49171584
서울특별시 동작구 상도동 사당로,,,,126.9671393,37.48777853
서울특별시 동작구 상도동 등용로,,,,126.9319601,37.50845474
서울특별시 동작구 사당동 사당로16길,,,,126.9706231,37.47807631
서울특별시 동작구 대방동 대방동23길,,,,126.9240662,37.50405228
서울특별시 동작구 노량진동 노들로,,,,126.9417874,37.51618826
서울특별시 동작구 사당동 솔밭로,,,,126.967454,37.48547653
서울특별시 동작구 대방동 국사봉길,,,,126.9316324,37.49631468
서울특별시 마포구 도화동 새창로8길,,,,126.9502138,37.53688212
서울특별시 마포구 마포동 마포대로,,,,126.9519682,37.54467845
서울특별시 마포구 노고산동 신촌로,,,,126.9494836,37.55672108
서울특별시 마포구 성산동 모래내로7길,,,,126.912464,37.56696089
서울특별시 마포구 성산동 성미산로,,,,126.926259,37.5625057
서울특별시 마포구 망원동 월드컵로25길,,,,126.8988647,37.55708472
서울특별시 마포구 아현동 만리재로,,,,126.9591182,37.5478039
서울특별시 마포구 대흥동 대흥로,,,,126.9366582,37.54258457
서울특별시 마포구 노고산동 백범로,,,,126.9369802,37.55247542
서울특별시 마포구 망원동 포은로,,,,126.9031901,37.55821436
서울특별시 마포구 신수동 토정로,,,,126.9207147,37.54536742
서울특별시 마포구 망원동 망원로,,,,126.9034657,37.55715654
서울특별시 마포구 공덕동 마포대로,,,,126.9519682,37.54467845
서울특별시 마포구 도화동 마포대로,,,,126.9519682,37.54467845
서울특별시 마포구 성산동 월드컵로,,,,126.8951683,37.56568382
서울특별시 마포구 도화동 삼개로,,,,126.9475969,37.53779855
서울특별시 마포구 대흥동 숭문길,,,,126.9452641,37.54863855
서울특별시 마포구 창전동 토정로,,,,126.9207147,37.54536742
서울특별시 마포구 망원동 방울내로11길,,,,126.9046806,37.56116105
서울특별시 마포구 아현동 마포대로,,,,126.9519682,37.54467845
서울특별시 마포구 아현동 손기정로,,,,126.9627269,37.55642739
서울특별시 마포구 공덕동 마포대로14길,,,,126.9564937,37.54837478
서울특별시 마포구 신공덕동 백범로,,,,126.9369802,37.55247542
서울특별시 마포구 대흥동 독막로,,,,126.9372313,37.54744584
서울특별시 마포구 서교동 월드컵로10길,,,,126.9137739,37.55505568
서울특별시 마포구 공덕동 만리재로,,,,126.9591182,37.5478039
서울특별시 마포구 신수동 독막로,,,,126.9372313,37.54744584
서울특별시 마포구 서교동 잔다리로,,,,126.9207801,37.55060565
서울특별시 마포구 동교동 양화로,,,,126.9258162,37.55765882
서울특별시 마포구 상암동 월드컵북로60길,,,,126.8858407,37.58286459
서울특별시 마포구 상암동 매봉산로,,,,126.8906986,37.5762417
서울특별시 마포구 신정동 국회대로,,,,126.9285994,37.5424947
서울특별시 마포구 서교동 와우산로17길,,,,126.9220823,37.55018408
서울특별시 마포구 중동 모래내로9길,,,,126.9128004,37.56777562
서울특별시 마포구 공덕동 백범로36길,,,,126.9494145,37.54361035
서울특별시 마포구 동교동 연희로,,,,126.9271972,37.56179857
서울특별시 마포구 합정동 포은로,,,,126.9031901,37.55821436
서울특별시 마포구 망원동 월드컵로,,,,126.8951683,37.56568382
서울특별시 마포구 망원동 성산로,,,,126.9077337,37.56391756
서울특별시 마포구 성산동 월드컵로36길,,,,126.9048471,37.56773742
서울특별시 마포구 공덕동 백범로,,,,126.9369802,37.55247542
서울특별시 마포구 염리동 신촌로,,,,126.9494836,37.55672108
서울특별시 마포구 상수동 독막로,,,,126.9372313,37.54744584
서울특별시 마포구 도화동 도화길,,,,126.9489128,37.54060358
서울특별시 마포구 용강동 대흥로,,,,126.9366582,37.54258457
서울특별시 마포구 대흥동 대흥로20길,,,,126.9448496,37.55003059
서울특별시 마포구 신수동 백범로,,,,126.9369802,37.55247542
서울특별시 마포구 합정동 독막로,,,,126.9372313,37.54744584
서울특별시 마포구 합정동 강변북로,,,,126.9040284,37.54998679
서울특별시 마포구 망원동 연남로13길,,,,126.9150393,37.56600597
서울특별시 마포구 성산동 월드컵북로,,,,126.9143103,37.56213554
서울특별시 마포구 합정동 양화로,,,,126.9258162,37.55765882
서울특별시 마포구 상암동 가양대로,,,,126.8762914,37.58025504
서울특별시 마포구 동교동 동교로,,,,126.9240061,37.55915313
서울특별시 마포구 마포동 강변북로,,,,126.9040284,37.54998679
서울특별시 마포구 대흥동 백범로,,,,126.9369802,37.55247542
서울특별시 마포구 서교동 와우산로,,,,126.9231808,37.55205749
서울특별시 마포구 서교동 홍익로,,,,126.9228849,37.55402193
서울특별시 마포구 동교동 월드컵북로,,,,126.9143103,37.56213554
서울특별시 마포구 연남동 성미산로,,,,126.926259,37.5625057
서울특별시 마포구 상암동 월드컵북로,,,,126.9143103,37.56213554
서울특별시 마포구 창전동 서강로,,,,126.9297487,37.54679855
서울특별시 마포구 상수동 와우산로,,,,126.9231808,37.55205749
서울특별시 마포구 서교동 동교로,,,,126.9240061,37.55915313
서울특별시 마포구 성산동 성산로,,,,126.9077337,37.56391756
서울특별시 마포구 상암동 증산로,,,,126.8946739,37.56454541
서울특별시 마포구 용강동 토정로37길,,,,126.946293,37.54278064
서울특별시 마포구 용강동 토정로,,,,126.9207147,37.54536742
서울특별시 마포구 마포동 토정로,,,,126.9207147,37.54536742
서울특별시 마포구 염리동 백범로,,,,126.9369802,37.55247542
서울특별시 마포구 창전동 창전로,,,,126.9324219,37.5492695
서울특별시 마포구 창전동 서강로9길,,,,126.9322187,37.55362354
서울특별시 마포구 서교동 독막로,,,,126.9372313,37.54744584
서울특별시 마포구 합정동 독막로8길,,,,126.9178135,37.54669032
서울특별시 마포구 망원동 강변북로,,,,126.9040284,37.54998679
서울특별시 마포구 성산동 증산로,,,,126.8946739,37.56454541
서울특별시 마포구 성산동 월드컵로30길,,,,126.9065558,37.56194065
서울특별시 마포구 상암동 월드컵로,,,,126.8951683,37.56568382
서울특별시 마포구 상암동 성암로,,,,126.896058,37.57822829
서울특별시 마포구 상암동 상암산로,,,,126.8919445,37.57890354
서울특별시 마포구 아현동 마포대로21길,,,,126.9555622,37.55458695
서울특별시 마포구 아현동 신촌로,,,,126.9494836,37.55672108
서울특별시 마포구 용강동 토정로31길,,,,126.9448049,37.54392814
서울특별시 마포구 신수동 서강로,,,,126.9297487,37.54679855
서울특별시 마포구 신수동 국회대로,,,,126.9285994,37.5424947
서울특별시 마포구 신수동 독막로28길,,,,126.9371067,37.54473554
서울특별시 마포구 신정동 창전로,,,,126.9324219,37.5492695
서울특별시 마포구 연남동 동교로,,,,126.9240061,37.55915313
서울특별시 마포구 연남동 연남로,,,,126.9208829,37.56333312
서울특별시 마포구 성산동 성중길,,,,126.9003102,37.5705776
서울특별시 마포구 상암동 마포나루길,,,,126.8982795,37.55238673
서울특별시 서대문구 창천동 연세로5길,,,,126.9351502,37.55676147
서울특별시 서대문구 홍제동 세검정로,,,,126.9489416,37.59486043
서울특별시 서대문구 북가좌동 불광천길,,,,126.9097609,37.58273896
서울특별시 서대문구 홍제동 세검정로4길,,,,126.9535982,37.58912764
서울특별시 서대문구 연희동 성산로,,,,126.9328348,37.56036253
서울특별시 서대문구 홍은동 연희로,,,,126.9353073,37.57547925
서울특별시 서대문구 홍제동 통일로,,,,126.9487025,37.58557577
서울특별시 서대문구 신촌동 성산로24길,,,,126.9486616,37.56770716
서울특별시 서대문구 연희동 연희로,,,,126.9353073,37.57547925
서울특별시 서대문구 홍은동 세검정로,,,,126.9489416,37.59486043
서울특별시 서대문구 홍은동 통일로,,,,126.9487025,37.58557577
서울특별시 서대문구 북가좌동 응암로,,,,126.9087098,37.57731524
서울특별시 서대문구 신촌동 성산로,,,,126.9328348,37.56036253
서울특별시 서대문구 홍은동 가좌로,,,,126.9284282,37.58048708
서울특별시 서대문구 홍은동 홍은중앙로,,,,126.9486881,37.60448428
서울특별시 서대문구 북가좌동 증가로20가길,,,,126.9203955,37.58101976
서울특별시 서대문구 연희동 모래내로,,,,126.9417709,37.58468057
서울특별시 서대문구 남가좌동 증가로12나길,,,,126.9207993,37.58073224
서울특별시 서대문구 영천동 통일로,,,,126.9487025,37.58557577
서울특별시 서대문구 북아현동 서소문로,,,,126.9676027,37.56214786
서울특별시 서대문구 연희동 연희맛로,,,,126.9279645,37.56584119
서울특별시 서대문구 홍제동 홍제내길,,,,126.9359053,37.58664605
서울특별시 서대문구 남가좌동 가재울미래로,,,,126.9142756,37.57190241
서울특별시 서대문구 북아현동 북아현로,,,,126.9569975,37.55994703
서울특별시 서대문구 홍제동 모래내로,,,,126.9417709,37.58468057
서울특별시 서대문구 홍제동 인왕시장길,,,,126.9433007,37.59136183
서울특별시 서대문구 대신동 성산로,,,,126.9328348,37.56036253
서울특별시 서대문구 창천동 성산로,,,,126.9328348,37.56036253
서울특별시 서대문구 홍은동 세검정로1길,,,,126.9461591,37.59592286
서울특별시 서대문구 홍은동 연희로41길,,,,126.934641,37.59257899
서울특별시 서대문구 충정로3가 서소문로,,,,126.9676027,37.56214786
서울특별시 서대문구 합동 서소문로,,,,126.9676027,37.56214786
서울특별시 서대문구 대현동 신촌역로,,,,126.9424462,37.55845038
서울특별시 서대문구 창천동 신촌로,,,,126.9398547,37.5563757
서울특별시 서대문구 연희동 수색로,,,,126.9039919,37.57571015
서울특별시 서대문구 북가좌동 거북골로,,,,126.92263,37.57815265
서울특별시 서대문구 북가좌동 수색로,,,,126.9039919,37.57571015
서울특별시 서대문구 남가좌동 모래내로15길,,,,126.9197592,37.57376761
서울특별시 서대문구 남가좌동 증가로,,,,126.9156897,37.5790007
서울특별시 서대문구 현저동 통일로,,,,126.9487025,37.58557577
서울특별시 서대문구 북아현동 신촌로29길,,,,126.9522323,37.5577159
서울특별시 서대문구 창천동 연세로,,,,126.9386578,37.55932983
서울특별시 서대문구 북가좌동 응암로1길,,,,126.9107238,37.58138371
서울특별시 서대문구 냉천동 통일로,,,,126.9487025,37.58557577
서울특별시 서대문구 연희동 가좌로,,,,126.9284282,37.58048708
서울특별시 서대문구 북가좌동 증가로,,,,126.9156897,37.5790007
서울특별시 서대문구 남가좌동 수색로,,,,126.9039919,37.57571015
서울특별시 서대문구 미근동 통일로,,,,126.9487025,37.58557577
서울특별시 서대문구 연희동 연희로11길,,,,126.9287217,37.56794263
서울특별시 서대문구 남가좌동 거북골로,,,,126.92263,37.57815265
서울특별시 서대문구 연희동 홍제천로,,,,126.9327239,37.57775479
서울특별시 서대문구 홍은동 모래내로,,,,126.9417709,37.58468057
서울특별시 서대문구 북가좌동 수색로6길,,,,126.9138343,37.57154661
서울특별시 서대문구 영천동 독립문로,,,,126.9607863,37.56969744
서울특별시 서대문구 홍은동 홍지문길,,,,126.9555891,37.59738653
서울특별시 서대문구 충정로2가 통일로,,,,126.9487025,37.58557577
서울특별시 서대문구 영천동 성산로,,,,126.9328348,37.56036253
서울특별시 서대문구 충정로2가 충정로,,,,126.9629281,37.56218589
서울특별시 서대문구 충정로3가 충정로,,,,126.9629281,37.56218589
서울특별시 서대문구 연희동 증가로,,,,126.9156897,37.5790007
서울특별시 서초구 양재동 강남대로,,,,127.0348121,37.48309576
서울특별시 서초구 서초동 사평대로,,,,127.0196535,37.50276952
서울특별시 서초구 서초동 남부순환로339길,,,,127.0215047,37.48503154
서울특별시 서초구 방배동 동작대로,,,,126.9827171,37.4925868
서울특별시 서초구 양재동 매헌로,,,,127.0346536,37.46377752
서울특별시 서초구 잠원동 강남대로,,,,127.0348121,37.48309576
서울특별시 서초구 서초동 효령로,,,,126.990523,37.47937163
서울특별시 서초구 서초동 서초대로38길,,,,127.0069683,37.48951901
서울특별시 서초구 방배동 남부순환로,,,,127.0108312,37.47952132
서울특별시 서초구 방배동 방배천로,,,,126.9822053,37.47718151
서울특별시 서초구 양재동 마방로,,,,127.0417281,37.47576242
서울특별시 서초구 원지동 양재대로,,,,127.0362488,37.46083737
서울특별시 서초구 반포동 반포대로,,,,127.0012153,37.50562866
서울특별시 서초구 반포동 신반포로,,,,126.9905371,37.50263344
서울특별시 서초구 서초동 강남대로,,,,127.0348121,37.48309576
서울특별시 서초구 서초동 서운로,,,,127.0244838,37.4942479
서울특별시 서초구 신원동 청계산로9길,,,,127.0581069,37.4511533
서울특별시 서초구 잠원동 신반포로47길,,,,127.0182753,37.51307296
서울특별시 서초구 반포동 동작대로,,,,126.9827171,37.4925868
서울특별시 서초구 방배동 방배로37길,,,,126.9870422,37.49352675
서울특별시 서초구 양재동 양재대로,,,,127.0362488,37.46083737
서울특별시 서초구 잠원동 신반포로23길,,,,127.0055434,37.51172413
서울특별시 서초구 잠원동 잠원로,,,,127.0128687,37.51961853
서울특별시 서초구 잠원동 신반포로,,,,126.9905371,37.50263344
서울특별시 서초구 반포동 사평대로,,,,127.0196535,37.50276952
서울특별시 서초구 반포동 서래로,,,,126.998303,37.4974962
서울특별시 서초구 서초동 반포대로,,,,127.0012153,37.50562866
서울특별시 서초구 서초동 경부고속도로,,,,127.0318867,37.47195887
서울특별시 서초구 서초동 사임당로20길,,,,127.0221762,37.48855505
서울특별시 서초구 서초동 반포대로27길,,,,127.006541,37.48984363
서울특별시 서초구 내곡동 헌릉로,,,,127.0616942,37.45689129
서울특별시 서초구 방배동 방배로,,,,126.9967671,37.48339514
서울특별시 서초구 원지동 경부고속도로,,,,127.0318867,37.47195887
서울특별시 서초구 서초동 남부순환로,,,,127.0108312,37.47952132
서울특별시 서초구 서초동 사임당로,,,,127.0218098,37.49093417
서울특별시 서초구 방배동 과천대로,,,,126.9827865,37.47535697
서울특별시 서초구 양재동 바우뫼로12길,,,,127.0321545,37.47029119
서울특별시 서초구 양재동 헌릉로,,,,127.0616942,37.45689129
서울특별시 서초구 잠원동 올림픽대로,,,,127.0008229,37.51106129
서울특별시 서초구 서초동 서초중앙로,,,,127.0162958,37.48567032
서울특별시 서초구 서초동 효령로68길,,,,127.023044,37.48510567
서울특별시 서초구 서초동 서초대로40길,,,,127.0074064,37.48933234
서울특별시 서초구 방배동 동광로,,,,126.9945558,37.49387919
서울특별시 서초구 방배동 방배중앙로,,,,126.9877313,37.4887227
서울특별시 서초구 양재동 바우뫼로,,,,127.033695,37.47509664
서울특별시 서초구 잠원동 바우뫼로,,,,127.033695,37.47509664
서울특별시 서초구 우면동 양재대로,,,,127.0362488,37.46083737
서울특별시 서초구 우면동 잠원로,,,,127.0128687,37.51961853
서울특별시 서초구 반포동 고무래로,,,,127.0183153,37.49958608
서울특별시 서초구 서초동 서초대로,,,,126.9998387,37.48890294
서울특별시 서초구 서초동 명달로,,,,127.0057923,37.47962487
서울특별시 서초구 방배동 효령로4길,,,,126.990125,37.47571574
서울특별시 서초구 양재동 동산로,,,,127.0405444,37.46945714
서울특별시 서초구 반포동 신반포로19길,,,,126.9966594,37.50521248
서울특별시 서초구 반포동 신반포로15길,,,,126.9942273,37.50466188
서울특별시 서초구 반포동 주흥길,,,,127.0203856,37.50666814
서울특별시 서초구 서초동 사평대로56길,,,,127.0236882,37.50292098
서울특별시 서초구 서초동 서초대로77길,,,,127.0255341,37.50061311
서울특별시 서초구 서초동 서초대로64길,,,,127.0211418,37.49193979
서울특별시 서초구 방배동 도구로,,,,126.9858505,37.48530564
서울특별시 서초구 양재동 논현로,,,,127.0447675,37.47784978
서울특별시 서초구 잠원동 반포대로,,,,127.0012153,37.50562866
서울특별시 서초구 잠원동 잠원로4길,,,,127.0102889,37.5135264
서울특별시 서초구 반포동 잠원로,,,,127.0128687,37.51961853
서울특별시 서초구 서초동 남부순환로331길,,,,127.0196463,37.48322824
서울특별시 서초구 서초동 효령로55길,,,,127.0142612,37.48643492
서울특별시 서초구 방배동 효령로,,,,126.990523,37.47937163
서울특별시 서초구 양재동 경부고속도로,,,,127.0318867,37.47195887
서울특별시 서초구 잠원동 신반포로33길,,,,127.0098236,37.51282129
서울특별시 서초구 서초동 서운로26길,,,,127.0225605,37.50243852
서울특별시 서초구 우면동 중앙로,,,,127.0153842,37.45750982
서울특별시 서초구 양재동 남부순환로,,,,127.0108312,37.47952132
서울특별시 서초구 양재동 동산로19길,,,,127.0460834,37.47407036
서울특별시 서초구 내곡동 언주로,,,,127.0761178,37.45699035
서울특별시 서초구 방배동 사평대로,,,,127.0196535,37.50276952
서울특별시 서초구 반포동 올림픽대로,,,,127.0008229,37.51106129
서울특별시 서초구 신원동 청계산로,,,,127.0634292,37.43771853
서울특별시 성동구 행당동 고산자로,,,,127.0375415,37.56840826
서울특별시 성동구 성수동1가 왕십리로,,,,127.0441967,37.55406352
서울특별시 성동구 마장동 고산자로,,,,127.0375415,37.56840826
서울특별시 성동구 하왕십리동 무학로,,,,127.0302434,37.56636164
서울특별시 성동구 응봉동 독서당로,,,,127.0187834,37.54670736
서울특별시 성동구 성수동2가 성수이로7길,,,,127.0530282,37.54266875
서울특별시 성동구 홍익동 무학로,,,,127.0302434,37.56636164
서울특별시 성동구 상왕십리동 마장로19길,,,,127.0258689,37.56902422
서울특별시 성동구 하왕십리동 마장로,,,,127.0340409,37.56608576
서울특별시 성동구 성수동2가 성수이로,,,,127.0544635,37.53845005
서울특별시 성동구 행당동 왕십리광장로,,,,127.0380674,37.56065253
서울특별시 성동구 마장동 살곶이길,,,,127.04999,37.56031369
서울특별시 성동구 금호동4가 장터길,,,,127.0197466,37.54809829
서울특별시 성동구 옥수동 동호로,,,,127.0140476,37.55064699
서울특별시 성동구 옥수동 뚝섬로,,,,127.0475742,37.54162783
서울특별시 성동구 도선동 고산자로,,,,127.0375415,37.56840826
서울특별시 성동구 도선동 무학로6길,,,,127.0353832,37.56496923
서울특별시 성동구 행당동 고산자로4길,,,,127.0363113,37.55419702
서울특별시 성동구 금호동1가 행당로,,,,127.0327355,37.55845235
서울특별시 성동구 성수동1가 고산자로,,,,127.0375415,37.56840826
서울특별시 성동구 금호동2가 금호로,,,,127.0254765,37.55165668
서울특별시 성동구 옥수동 독서당로,,,,127.0187834,37.54670736
서울특별시 성동구 성수동1가 뚝섬로1길,,,,127.0457239,37.54232712
서울특별시 성동구 마장동 마장로,,,,127.0340409,37.56608576
서울특별시 성동구 금호동4가 금호로,,,,127.0254765,37.55165668
서울특별시 성동구 성수동1가 강변북로,,,,127.0367473,37.5398071
서울특별시 성동구 성수동2가 성수일로8길,,,,127.0539109,37.54584384
서울특별시 성동구 행당동 마조로,,,,127.0403935,37.55913444
서울특별시 성동구 성수동1가 동부간선로,,,,127.0523878,37.55157317
서울특별시 성동구 용답동 천호대로,,,,127.0663519,37.56082935
서울특별시 성동구 하왕십리동 무학봉길,,,,127.0320211,37.56254635
서울특별시 성동구 도선동 왕십리로24길,,,,127.0343101,37.56435463
서울특별시 성동구 성수동1가 성수일로,,,,127.048846,37.544287
서울특별시 성동구 성수동2가 뚝섬로,,,,127.0475742,37.54162783
서울특별시 성동구 성수동2가 성수일로12길,,,,127.0547046,37.54768343
서울특별시 성동구 송정동 천호대로,,,,127.0663519,37.56082935
서울특별시 성동구 행당동 왕십리로,,,,127.0441967,37.55406352
서울특별시 성동구 금호동4가 강변북로,,,,127.0367473,37.5398071
서울특별시 성동구 용답동 자동차시장3길,,,,127.0630505,37.56039056
서울특별시 성동구 도선동 왕십리로,,,,127.0441967,37.55406352
서울특별시 성동구 성수동1가 광나루로,,,,127.0459061,37.55098115
서울특별시 성동구 성수동2가 뚝섬로17길,,,,127.0604778,37.54019351
서울특별시 성동구 하왕십리동 왕십리로,,,,127.0441967,37.55406352
서울특별시 성동구 하왕십리동 난계로,,,,127.0242798,37.56382676
서울특별시 성동구 사근동 살곶이길,,,,127.04999,37.56031369
서울특별시 성동구 금호동4가 금호로3길,,,,127.0242244,37.54785035
서울특별시 성동구 성수동1가 뚝섬로5길,,,,127.0509852,37.54179956
서울특별시 성동구 성수동2가 아차산로,,,,127.0458391,37.54813299
서울특별시 성동구 성수동2가 아차산로7길,,,,127.0550388,37.5467237
서울특별시 성동구 도선동 무학로,,,,127.0302434,37.56636164
서울특별시 성동구 행당동 고산자로10길,,,,127.0364734,37.55838858
서울특별시 성동구 옥수동 매봉길,,,,127.0141154,37.54630659
서울특별시 성동구 성수동2가 광나루로,,,,127.0459061,37.55098115
서울특별시 성동구 사근동 왕십리로,,,,127.0441967,37.55406352
서울특별시 성동구 행당동 사근동길,,,,127.0436757,37.56059435
서울특별시 성동구 금호동2가 금호산길,,,,127.0191349,37.55171601
서울특별시 성동구 성수동1가 뚝섬로,,,,127.0475742,37.54162783
서울특별시 성동구 성수동2가 성수일로,,,,127.048846,37.544287
서울특별시 성동구 용답동 마장로,,,,127.0340409,37.56608576
서울특별시 성동구 금호동4가 뚝섬로,,,,127.0475742,37.54162783
서울특별시 성동구 상왕십리동 마장로,,,,127.0340409,37.56608576
서울특별시 성동구 상왕십리동 난계로,,,,127.0242798,37.56382676
서울특별시 성동구 성수동1가 언주로,,,,127.0761178,37.45699035
서울특별시 성동구 성수동1가 서울숲길,,,,127.0410035,37.54796653
서울특별시 성북구 보문동7가 안암로5길,,,,127.0232655,37.58152464
서울특별시 성북구 종암동 종암로,,,,127.0340412,37.60105819
서울특별시 성북구 정릉동 북악산로,,,,127.0195122,37.59891943
서울특별시 성북구 안암동3가 고려대로14길,,,,127.0234342,37.5852868
서울특별시 성북구 삼선동3가 보문로29다길,,,,127.0127489,37.58516013
서울특별시 성북구 하월곡동 화랑로13길,,,,127.040404,37.60683651
서울특별시 성북구 하월곡동 화랑로,,,,127.058477,37.61134628
서울특별시 성북구 장위동 한천로,,,,127.0580019,37.61520618
서울특별시 성북구 동선동4가 아리랑로4길,,,,127.0179162,37.59555218
서울특별시 성북구 안암동5가 안암로,,,,127.0254309,37.5804315
서울특별시 성북구 안암동5가 고려대로,,,,127.0314512,37.58614497
서울특별시 성북구 하월곡동 화랑로5길,,,,127.0395006,37.60465732
서울특별시 성북구 상월곡동 장월로,,,,127.0501074,37.61695878
서울특별시 성북구 장위동 화랑로19길,,,,127.0496227,37.60840101
서울특별시 성북구 장위동 돌곶이로27길,,,,127.0521928,37.61006283
서울특별시 성북구 동선동4가 아리랑로,,,,127.0148027,37.59788096
서울특별시 성북구 성북동 성북로,,,,126.9932505,37.59451093
서울특별시 성북구 돈암동 아리랑로,,,,127.0148027,37.59788096
서울특별시 성북구 동선동4가 동소문로26다길,,,,127.0205694,37.5946829
서울특별시 성북구 정릉동 서경로,,,,127.0109981,37.61624771
서울특별시 성북구 정릉동 보국문로16길,,,,127.0110859,37.61438903
서울특별시 성북구 정릉동 보국문로11길,,,,127.0084602,37.60921191
서울특별시 성북구 돈암동 동소문로,,,,127.021412,37.59855799
서울특별시 성북구 삼선동2가 삼선교로16길,,,,127.0114983,37.58331394
서울특별시 성북구 하월곡동 화랑로11길,,,,127.041392,37.6035075
서울특별시 성북구 하월곡동 오패산로,,,,127.0358281,37.61140012
서울특별시 성북구 보문동1가 보문로30길,,,,127.0193753,37.58946468
서울특별시 성북구 정릉동 보국문로,,,,127.006721,37.61343927
서울특별시 성북구 종암동 월곡로,,,,127.04006,37.59990679
서울특별시 성북구 보문동4가 보문로,,,,127.0152498,37.59071468
서울특별시 성북구 정릉동 솔샘로,,,,127.0050317,37.61091984
서울특별시 성북구 장위동 장월로,,,,127.0501074,37.61695878
서울특별시 성북구 성북동1가 성북로,,,,126.9932505,37.59451093
서울특별시 성북구 안암동1가 보문로30가길,,,,127.020559,37.58970454
서울특별시 성북구 안암동4가 안암로5길,,,,127.0232655,37.58152464
서울특별시 성북구 종암동 회기로,,,,127.0380507,37.59224822
서울특별시 성북구 장위동 화랑로25길,,,,127.0522161,37.60931846
서울특별시 성북구 보문동6가 보문사길,,,,127.0169247,37.5847536
서울특별시 성북구 길음동 길음로7길,,,,127.0227604,37.60371562
서울특별시 성북구 석관동 돌곶이로,,,,127.0596613,37.60876877
서울특별시 성북구 동소문동7가 아리랑로5길,,,,127.0111642,37.6007106
서울특별시 성북구 삼선동5가 삼선교로,,,,127.0084238,37.58766579
서울특별시 성북구 안암동5가 고려대로24길,,,,127.0290931,37.58606592
서울특별시 성북구 정릉동 정릉로,,,,127.0053607,37.60771851
서울특별시 성북구 종암동 종암로30길,,,,127.0336469,37.60252864
서울특별시 성북구 하월곡동 종암로,,,,127.0340412,37.60105819
서울특별시 성북구 장위동 화랑로,,,,127.058477,37.61134628
서울특별시 성북구 안암동5가 고려대로14길,,,,127.0234342,37.5852868
서울특별시 성북구 정릉동 정릉로10길,,,,126.9994321,37.60826495
서울특별시 성북구 길음동 서경로6길,,,,127.0184301,37.60663368
서울특별시 성북구 길음동 동소문로,,,,127.021412,37.59855799
서울특별시 성북구 하월곡동 오패산로3길,,,,127.0334484,37.60881344
서울특별시 성북구 상월곡동 화랑로,,,,127.058477,37.61134628
서울특별시 성북구 장위동 장위로,,,,127.0522259,37.61382116
서울특별시 성북구 석관동 한천로66길,,,,127.0687934,37.60726216
서울특별시 성북구 석관동 한천로,,,,127.0580019,37.61520618
서울특별시 성북구 정릉동 정릉로24길,,,,127.0076188,37.60460483
서울특별시 성북구 길음동 삼양로13길,,,,127.0203606,37.61101221
서울특별시 성북구 하월곡동 동소문로44길,,,,127.029377,37.60594353
서울특별시 성북구 석관동 한천로76길,,,,127.0650603,37.61132068
서울특별시 성북구 동소문동5가 보문로40길,,,,127.014976,37.59199214
서울특별시 성북구 보문동7가 보문로,,,,127.0152498,37.59071468
서울특별시 성북구 정릉동 정릉로26길,,,,127.0129224,37.60288374
서울특별시 성북구 장위동 장위로15길,,,,127.045253,37.61688606
서울특별시 성북구 정릉동 솔샘로25길,,,,127.0063864,37.62047521
서울특별시 성북구 길음동 숭인로,,,,127.0232934,37.61143965
서울특별시 성북구 하월곡동 월계로,,,,127.0386502,37.61382965
서울특별시 성북구 하월곡동 정릉로,,,,127.0053607,37.60771851
서울특별시 성북구 석관동 화랑로,,,,127.058477,37.61134628
서울특별시 성북구 돈암동 북악산로,,,,127.0195122,37.59891943
서울특별시 성북구 정릉동 솔샘로11길,,,,127.0034425,37.61105421
서울특별시 성북구 하월곡동 삼양로,,,,127.0238607,37.60611993
서울특별시 성북구 상월곡동 장월로1길,,,,127.0429648,37.60419691
서울특별시 성북구 삼선동5가 보문로,,,,127.0152498,37.59071468
서울특별시 성북구 안암동4가 안암로,,,,127.0254309,37.5804315
서울특별시 성북구 정릉동 아리랑로,,,,127.0148027,37.59788096
서울특별시 성북구 종암동 종암로3길,,,,127.0346363,37.59318827
서울특별시 성북구 하월곡동 장월로1길,,,,127.0429648,37.60419691
서울특별시 성북구 돈암동 정릉로,,,,127.0053607,37.60771851
서울특별시 성북구 동소문동3가 동소문로,,,,127.021412,37.59855799
서울특별시 성북구 동선동2가 고려대로7길,,,,127.019478,37.58842502
서울특별시 성북구 하월곡동 화랑로14길,,,,127.0431472,37.60069884
서울특별시 성북구 돈암동 정릉로48길,,,,127.0274726,37.60264229
서울특별시 성북구 동선동4가 동소문로,,,,127.021412,37.59855799
서울특별시 성북구 하월곡동 월곡로,,,,127.04006,37.59990679
서울특별시 성북구 동소문동1가 성북로2길,,,,127.0073984,37.58951663
서울특별시 성북구 삼선동1가 삼선교로,,,,127.0084238,37.58766579
서울특별시 성북구 보문동5가 지봉로20길,,,,127.0179178,37.58440635
서울특별시 성북구 길음동 정릉로,,,,127.0053607,37.60771851
서울특별시 성북구 장위동 월계로,,,,127.0386502,37.61382965
서울특별시 성북구 동소문동1가 동소문로,,,,127.021412,37.59855799
서울특별시 성북구 동소문동5가 동소문로,,,,127.021412,37.59855799
서울특별시 성북구 삼선동5가 고려대로5길,,,,127.0190523,37.58827385
서울특별시 성북구 정릉동 동소문로,,,,127.021412,37.59855799
서울특별시 성북구 길음동 길음로13길,,,,127.0183733,37.60896362
서울특별시 성북구 석관동 한천로58길,,,,127.0702372,37.61234997
서울특별시 성북구 성북동 성북로23길,,,,126.9934398,37.59228523
서울특별시 성북구 동소문동3가 보문로,,,,127.0152498,37.59071468
서울특별시 성북구 동선동2가 보문로30길,,,,127.0193753,37.58946468
서울특별시 성북구 길음동 삼양로,,,,127.0238607,37.60611993
서울특별시 성북구 장위동 돌곶이로,,,,127.0596613,37.60876877
서울특별시 송파구 석촌동 가락로,,,,127.1035406,37.49969976
서울특별시 송파구 문정동 문정로4길,,,,127.1255496,37.48401061
서울특별시 송파구 가락동 동남로18길,,,,127.1331809,37.4939201
서울특별시 송파구 문정동 동남로4길,,,,127.1250136,37.48803858
서울특별시 송파구 오금동 중대로,,,,127.1245941,37.49613053
서울특별시 송파구 잠실동 백제고분로7길,,,,127.0822195,37.51077238
서울특별시 송파구 장지동 충민로,,,,127.1275847,37.47988677
서울특별시 송파구 거여동 양산로,,,,127.1436266,37.4910978
서울특별시 송파구 마천동 마천로,,,,127.1414262,37.50191236
서울특별시 송파구 송파동 백제고분로42길,,,,127.1089095,37.50526859
서울특별시 송파구 오금동 마천로,,,,127.1414262,37.50191236
서울특별시 송파구 오금동 동남로,,,,127.1333878,37.49781563
서울특별시 송파구 송파동 오금로,,,,127.1247122,37.50423395
서울특별시 송파구 가락동 송파대로,,,,127.1111824,37.50083927
서울특별시 송파구 문정동 송파대로,,,,127.1111824,37.50083927
서울특별시 송파구 장지동 충민로2길,,,,127.1273583,37.47804975
서울특별시 송파구 잠실동 탄천동로,,,,127.0958971,37.49721957
서울특별시 송파구 신천동 올림픽로,,,,127.1050185,37.51490138
서울특별시 송파구 가락동 송이로,,,,127.121175,37.49704261
서울특별시 송파구 방이동 위례성대로,,,,127.1263309,37.51247982
서울특별시 송파구 거여동 거마로,,,,127.1469116,37.49874991
서울특별시 송파구 잠실동 석촌호수로,,,,127.0936719,37.50708658
서울특별시 송파구 잠실동 올림픽대로,,,,127.0985876,37.52154851
서울특별시 송파구 신천동 오금로,,,,127.1247122,37.50423395
서울특별시 송파구 송파동 송파대로,,,,127.1111824,37.50083927
서울특별시 송파구 송파동 백제고분로,,,,127.0952963,37.5025454
서울특별시 송파구 석촌동 백제고분로,,,,127.0952963,37.5025454
서울특별시 송파구 방이동 백제고분로50길,,,,127.1173062,37.51362188
서울특별시 송파구 오금동 오금로35길,,,,127.1288866,37.50674993
서울특별시 송파구 잠실동 올림픽로12길,,,,127.0844028,37.50724474
서울특별시 송파구 풍납동 풍성로26길,,,,127.1181683,37.53128718
서울특별시 송파구 가락동 문정로,,,,127.1285014,37.48636401
서울특별시 송파구 가락동 양재대로,,,,127.1228626,37.50366927
서울특별시 송파구 가락동 중대로,,,,127.1245941,37.49613053
서울특별시 송파구 방이동 오금로11길,,,,127.1107394,37.51478413
서울특별시 송파구 마천동 성내천로37길,,,,127.1573749,37.49810291
서울특별시 송파구 잠실동 한가람로,,,,127.1030757,37.52319333
서울특별시 송파구 송파동 양재대로,,,,127.1228626,37.50366927
서울특별시 송파구 석촌동 송파대로,,,,127.1111824,37.50083927
서울특별시 송파구 가락동 삼학사로2길,,,,127.10012,37.4958936
서울특별시 송파구 문정동 송이로,,,,127.121175,37.49704261
서울특별시 송파구 장지동 위례순환로,,,,127.1391138,37.47838234
서울특별시 송파구 잠실동 송파대로,,,,127.1111824,37.50083927
서울특별시 송파구 잠실동 올림픽로,,,,127.1050185,37.51490138
서울특별시 송파구 잠실동 백제고분로,,,,127.0952963,37.5025454
서울특별시 송파구 신천동 올림픽로35길,,,,127.1058359,37.51881168
서울특별시 송파구 석촌동 백제고분로39길,,,,127.104665,37.50648927
서울특별시 송파구 가락동 오금로46길,,,,127.1322241,37.49276283
서울특별시 송파구 문정동 새말로,,,,127.1245945,37.48263779
서울특별시 송파구 거여동 양산로4길,,,,127.1452891,37.49048611
서울특별시 송파구 잠실동 올림픽로4길,,,,127.0745094,37.50746349
서울특별시 송파구 풍납동 풍성로25길,,,,127.1202239,37.5340635
서울특별시 송파구 가락동 송파대로28길,,,,127.12036,37.49448917
서울특별시 송파구 오금동 위례성대로,,,,127.1263309,37.51247982
서울특별시 송파구 거여동 수도권제1순환고속도로,,,,127.1361185,37.48600373
서울특별시 송파구 풍납동 한가람로,,,,127.1030757,37.52319333
서울특별시 송파구 삼전동 백제고분로32길,,,,127.0948827,37.50022584
서울특별시 송파구 가락동 양재대로60길,,,,127.117279,37.49884819
서울특별시 송파구 장지동 수도권제1순환고속도로,,,,127.1361185,37.48600373
서울특별시 송파구 방이동 올림픽로37길,,,,127.1080181,37.52307287
서울특별시 송파구 오금동 양재대로,,,,127.1228626,37.50366927
서울특별시 송파구 마천동 성내천로23길,,,,127.1437105,37.50173014
서울특별시 송파구 신천동 송파대로,,,,127.1111824,37.50083927
서울특별시 송파구 풍납동 토성로,,,,127.1148942,37.52980646
서울특별시 송파구 풍납동 강동대로,,,,127.1215349,37.52601568
서울특별시 송파구 풍납동 올림픽로,,,,127.1050185,37.51490138
서울특별시 송파구 풍납동 풍성로,,,,127.1170491,37.53429042
서울특별시 송파구 석촌동 석촌호수로,,,,127.0936719,37.50708658
서울특별시 송파구 삼전동 백제고분로,,,,127.0952963,37.5025454
서울특별시 송파구 문정동 법원로12길,,,,127.1206347,37.48645136
서울특별시 송파구 송파동 위례중앙로,,,,127.1379458,37.47432686
서울특별시 송파구 송파동 송이로,,,,127.121175,37.49704261
서울특별시 송파구 삼전동 백제고분로31길,,,,127.0952573,37.50563525
서울특별시 송파구 가락동 동남로,,,,127.1333878,37.49781563
서울특별시 송파구 가락동 중대로1길,,,,127.1068857,37.49221066
서울특별시 송파구 문정동 중대로,,,,127.1245941,37.49613053
서울특별시 송파구 장지동 송파대로,,,,127.1111824,37.50083927
서울특별시 송파구 장지동 위례중앙로,,,,127.1379458,37.47432686
서울특별시 송파구 장지동 성남대로,,,,127.1266058,37.4689823
서울특별시 송파구 방이동 백제고분로48길,,,,127.1134562,37.51111725
서울특별시 송파구 방이동 백제고분로,,,,127.0952963,37.5025454
서울특별시 송파구 오금동 오금로,,,,127.1247122,37.50423395
서울특별시 송파구 마천동 마천로61길,,,,127.153975,37.49370878
서울특별시 송파구 잠실동 잠실로,,,,127.0964129,37.51003734
서울특별시 송파구 잠실동 삼전로,,,,127.0876522,37.50392907
서울특별시 송파구 잠실동 백제고분로9길,,,,127.0820773,37.50963936
서울특별시 송파구 송파동 오금로18길,,,,127.1102587,37.50958999
서울특별시 송파구 송파동 가락로,,,,127.1035406,37.49969976
서울특별시 송파구 석촌동 가락로11길,,,,127.1035457,37.50200767
서울특별시 송파구 삼전동 삼전로,,,,127.0876522,37.50392907
서울특별시 송파구 가락동 오금로,,,,127.1247122,37.50423395
서울특별시 송파구 문정동 문정로5길,,,,127.1286621,37.48756202
서울특별시 송파구 방이동 올림픽로,,,,127.1050185,37.51490138
서울특별시 송파구 거여동 마천로,,,,127.1414262,37.50191236
서울특별시 송파구 신천동 올림픽로35나길,,,,127.1016025,37.51955847
서울특별시 송파구 삼전동 백제고분로27길,,,,127.0935851,37.50407315
서울특별시 송파구 삼전동 삼학사로,,,,127.0970414,37.50355856
서울특별시 송파구 장지동 위례광장로2길,,,,127.1420066,37.4753364
서울특별시 송파구 방이동 오금로,,,,127.1247122,37.50423395
서울특별시 송파구 방이동 강동대로,,,,127.1215349,37.52601568
서울특별시 송파구 삼전동 삼전로2길,,,,127.0875155,37.50030348
서울특별시 송파구 가락동 중대로2길,,,,127.1107632,37.48764146
서울특별시 송파구 가락동 중대로9길,,,,127.1197229,37.49365878
서울특별시 송파구 문정동 자곡로,,,,127.1044906,37.47430991
서울특별시 송파구 문정동 동남로12길,,,,127.1290723,37.49164196
서울특별시 송파구 방이동 양재대로,,,,127.1228626,37.50366927
서울특별시 송파구 거여동 오금로,,,,127.1247122,37.50423395
서울특별시 송파구 문정동 중대로8길,,,,127.1175495,37.48987358
서울특별시 송파구 문정동 문정로,,,,127.1285014,37.48636401
서울특별시 송파구 장지동 위례서로,,,,127.1396367,37.48158188
서울특별시 송파구 장지동 유통단지길,,,,127.1218567,37.47335632
서울특별시 송파구 마천동 성내천로,,,,127.1387434,37.50064055
서울특별시 송파구 송파동 석촌호수로,,,,127.0936719,37.50708658
서울특별시 송파구 가락동 동남로14길,,,,127.1327404,37.49265361
서울특별시 송파구 가락동 오금로35길,,,,127.1288866,37.50674993
서울특별시 송파구 방이동 양재대로72길,,,,127.1298437,37.50868866
서울특별시 송파구 방이동 오금로27길,,,,127.1189799,37.50864493
서울특별시 송파구 방이동 동남로,,,,127.1333878,37.49781563
서울특별시 양천구 신정동 오목로,,,,126.8489822,37.52323883
서울특별시 양천구 신정동 목동서로,,,,126.8742305,37.527837
서울특별시 양천구 신정동 신월로,,,,126.8460201,37.5207215
서울특별시 양천구 목동 오목로,,,,126.8489822,37.52323883
서울특별시 양천구 신월동 가로공원로,,,,126.8262793,37.53528463
서울특별시 양천구 신월동 신월로,,,,126.8460201,37.5207215
서울특별시 양천구 신정동 목동남로,,,,126.8677573,37.51015111
서울특별시 양천구 신정동 목동동로,,,,126.8723161,37.52814014
서울특별시 양천구 목동 목동중앙본로,,,,126.8695407,37.54118191
서울특별시 양천구 목동 목동중앙북로,,,,126.870581,37.54684506
서울특별시 양천구 신월동 중앙로,,,,126.8542488,37.51709349
서울특별시 양천구 신정동 목동남로4길,,,,126.865404,37.50753103
서울특별시 양천구 목동 등촌로,,,,126.8637666,37.54079754
서울특별시 양천구 신정동 중앙로21길,,,,126.8534986,37.51430458
서울특별시 양천구 신월동 오목로,,,,126.8489822,37.52323883
서울특별시 양천구 신정동 신정중앙로23길,,,,126.8634742,37.52703933
서울특별시 양천구 신정동 신정중앙로,,,,126.8576502,37.52715562
서울특별시 양천구 신정동 중앙로36길,,,,126.8566514,37.51963354
서울특별시 양천구 신월동 화곡로,,,,126.8278661,37.53937973
서울특별시 양천구 신월동 곰달래로14길,,,,126.8371801,37.52948542
서울특별시 양천구 신정동 목동로3길,,,,126.8638949,37.51201187
서울특별시 양천구 목동 목동동로12길,,,,126.8745942,37.52302835
서울특별시 양천구 목동 목동중앙남로,,,,126.8651975,37.54067209
서울특별시 양천구 신월동 월정로,,,,126.8286862,37.54201802
서울특별시 양천구 신정동 목동동로12길,,,,126.8745942,37.52302835
서울특별시 양천구 목동 목동동로,,,,126.8723161,37.52814014
서울특별시 양천구 신월동 남부순환로,,,,126.8435701,37.50690764
서울특별시 양천구 신월동 오목로4길,,,,126.8416487,37.52090795
서울특별시 양천구 신정동 안양천로,,,,126.8797371,37.52806322
서울특별시 양천구 목동 신목로,,,,126.873569,37.52023413
서울특별시 양천구 목동 목동중앙본로7길,,,,126.8672894,37.5396655
서울특별시 양천구 신정동 목동동로8길,,,,126.8720619,37.51656188
서울특별시 양천구 신정동 신목로2길,,,,126.8752595,37.51840762
서울특별시 양천구 신월동 목동중앙서로,,,,126.867966,37.53261911
서울특별시 양천구 신정동 목동동로2길,,,,126.8604153,37.51120122
서울특별시 양천구 목동 목동중앙남로11길,,,,126.8648263,37.53924904
서울특별시 양천구 목동 목동서로,,,,126.8742305,37.527837
서울특별시 양천구 신월동 곰달래로6길,,,,126.8349371,37.52842542
서울특별시 양천구 신월동 곰달래로,,,,126.8335119,37.53010988
서울특별시 양천구 신정동 신목로7길,,,,126.8714456,37.51984337
서울특별시 양천구 신정동 목동로,,,,126.8676148,37.51814476
서울특별시 양천구 신정동 국회대로,,,,126.8623041,37.52963973
서울특별시 양천구 신정동 중앙로,,,,126.8542488,37.51709349
서울특별시 양천구 신정동 목동동로4길,,,,126.8631993,37.51356002
서울특별시 양천구 신월동 월정로50길,,,,126.8323504,37.54155566
서울특별시 양천구 신정동 중앙로32길,,,,126.8572535,37.51944974
서울특별시 양천구 신월동 국회대로,,,,126.8623041,37.52963973
서울특별시 양천구 신정동 오목로30길,,,,126.8544928,37.52327463
서울특별시 양천구 신월동 가로공원로55길,,,,126.8244675,37.53630675
서울특별시 양천구 목동 목동중앙로,,,,126.8735841,37.53837919
서울특별시 양천구 신월동 가로공원로69길,,,,126.8324655,37.53691624
서울특별시 양천구 신정동 신정로,,,,126.8514393,37.51259998
서울특별시 양천구 신정동 신목로,,,,126.873569,37.52023413
서울특별시 양천구 목동 목동로,,,,126.8676148,37.51814476
서울특별시 양천구 목동 목동서로2길,,,,126.8809963,37.53994988
서울특별시 양천구 목동 공항대로,,,,126.8716225,37.54731966
서울특별시 양천구 신월동 남부순환로57길,,,,126.8309751,37.5337297
서울특별시 양천구 목동 목동중앙서로,,,,126.867966,37.53261911
서울특별시 양천구 신월동 남부순환로70길,,,,126.8350923,37.52234517
서울특별시 양천구 신월동 남부순환로72길,,,,126.8366841,37.5204268
서울특별시 양천구 신정동 은행정로,,,,126.8595345,37.52603203
서울특별시 양천구 신정동 신정로5길,,,,126.834998,37.50765633
서울특별시 양천구 신정동 남부순환로,,,,126.8435701,37.50690764
서울특별시 양천구 신월동 곰달래로5길,,,,126.832233,37.53434425
서울특별시 양천구 신월동 오목로3길,,,,126.8386595,37.52374014
서울특별시 양천구 신정동 신정로14길,,,,126.8448509,37.50854539
서울특별시 양천구 신정동 강서로5길,,,,126.848707,37.528259
서울특별시 양천구 목동 안양천로,,,,126.8797371,37.52806322
서울특별시 양천구 목동 국회대로,,,,126.8623041,37.52963973
서울특별시 영등포구 여의도동 의사당대로,,,,126.9183996,37.52633619
서울특별시 영등포구 문래동3가 문래로,,,,126.8919669,37.5181119
서울특별시 영등포구 문래동6가 문래로,,,,126.8919669,37.5181119
서울특별시 영등포구 신길동 신길로42가길,,,,126.9125508,37.50877054
서울특별시 영등포구 도림동 도영로,,,,126.895625,37.50780393
서울특별시 영등포구 양평동1가 양산로,,,,126.894117,37.52467564
서울특별시 영등포구 영등포동7가 국회대로,,,,126.8979022,37.5273496
서울특별시 영등포구 여의도동 은행로,,,,126.925003,37.53009684
서울특별시 영등포구 대림동 대림로,,,,126.9026272,37.49106608
서울특별시 영등포구 여의도동 여의나루로,,,,126.9260642,37.52359408
서울특별시 영등포구 영등포동1가 버드나루로,,,,126.9093711,37.52529015
서울특별시 영등포구 영등포동6가 영신로,,,,126.9089926,37.51276912
서울특별시 영등포구 당산동4가 당산로,,,,126.8944702,37.51528892
서울특별시 영등포구 신길동 대방천로,,,,126.9179052,37.49902991
서울특별시 영등포구 신길동 영등포로86길,,,,126.9223952,37.51134933
서울특별시 영등포구 영등포동3가 영등포로,,,,126.9199291,37.51363569
서울특별시 영등포구 문래동6가 선유서로,,,,126.8834162,37.51704748
서울특별시 영등포구 양평동4가 양평로17길,,,,126.8955983,37.53573067
서울특별시 영등포구 신길동 신풍로,,,,126.9141327,37.49984918
서울특별시 영등포구 신길동 신길로,,,,126.9106253,37.50271805
서울특별시 영등포구 여의도동 63로,,,,126.9376578,37.51934692
서울특별시 영등포구 도림동 도신로,,,,126.9047307,37.50795842
서울특별시 영등포구 영등포동 경인로,,,,126.9050304,37.51621755
서울특별시 영등포구 영등포동8가 영중로41길,,,,126.9049032,37.52865283
서울특별시 영등포구 대림동 도림로54길,,,,126.9020398,37.49534989
서울특별시 영등포구 영등포동3가 경인로,,,,126.9050304,37.51621755
서울특별시 영등포구 영등포동4가 영등포로,,,,126.9199291,37.51363569
서울특별시 영등포구 여의도동 여의공원로,,,,126.9216035,37.52669344
서울특별시 영등포구 당산동3가 당산로,,,,126.8944702,37.51528892
서울특별시 영등포구 문래동3가 당산로4길,,,,126.8975899,37.51697575
서울특별시 영등포구 대림동 도림로38길,,,,126.8979519,37.49155795
서울특별시 영등포구 영등포동1가 영등포로,,,,126.9199291,37.51363569
서울특별시 영등포구 여의도동 국제금융로6길,,,,126.927473,37.52184534
서울특별시 영등포구 여의도동 국제금융로,,,,126.9303121,37.52351697
서울특별시 영등포구 여의도동 경인로,,,,126.9050304,37.51621755
서울특별시 영등포구 당산동4가 국회대로,,,,126.8979022,37.5273496
서울특별시 영등포구 당산동5가 당산로,,,,126.8944702,37.51528892
서울특별시 영등포구 신길동 도림로,,,,126.9020076,37.50657527
서울특별시 영등포구 영등포동4가 경인로,,,,126.9050304,37.51621755
서울특별시 영등포구 여의도동 여의대방로,,,,126.9222548,37.5057029
서울특별시 영등포구 도림동 대방천로,,,,126.9179052,37.49902991
서울특별시 영등포구 신길동 가마산로,,,,126.8992786,37.50108091
서울특별시 영등포구 영등포동3가 영중로,,,,126.9047714,37.52258296
서울특별시 영등포구 영등포동8가 영중로,,,,126.9047714,37.52258296
서울특별시 영등포구 여의도동 여의대로,,,,126.9293192,37.52882178
서울특별시 영등포구 양평동6가 노들로,,,,126.907302,37.53335252
서울특별시 영등포구 신길동 도신로,,,,126.9047307,37.50795842
서울특별시 영등포구 대림동 디지털로,,,,126.8983501,37.4882571
서울특별시 영등포구 영등포동6가 양산로,,,,126.894117,37.52467564
서울특별시 영등포구 도림동 도신로29길,,,,126.9052195,37.50956997
서울특별시 영등포구 문래동3가 경인로89길,,,,126.9004438,37.51480116
서울특별시 영등포구 양평동2가 영등포로3길,,,,126.8834631,37.52466389
서울특별시 영등포구 영등포동2가 영등포로,,,,126.9199291,37.51363569
서울특별시 영등포구 영등포동4가 영중로,,,,126.9047714,37.52258296
서울특별시 영등포구 여의도동 여의서로,,,,126.9130456,37.53365622
서울특별시 영등포구 여의도동 여의동로,,,,126.9371645,37.51778585
서울특별시 영등포구 문래동3가 문래로30길,,,,126.9006207,37.51692337
서울특별시 영등포구 문래동3가 선유로,,,,126.8903108,37.52481482
서울특별시 영등포구 문래동6가 선유로11길,,,,126.8867845,37.51839933
서울특별시 영등포구 양평동3가 선유로,,,,126.8903108,37.52481482
서울특별시 영등포구 신길동 영등포로,,,,126.9199291,37.51363569
서울특별시 영등포구 신길동 여의대방로43길,,,,126.9224095,37.50625304
서울특별시 영등포구 영등포동1가 노들로,,,,126.907302,37.53335252
서울특별시 영등포구 영등포동3가 영등포로50길,,,,126.9089744,37.51836479
서울특별시 영등포구 영등포동5가 영등포로,,,,126.9199291,37.51363569
서울특별시 영등포구 영등포동7가 양산로,,,,126.894117,37.52467564
서울특별시 영등포구 당산동6가 노들로,,,,126.907302,37.53335252
서울특별시 영등포구 신길동 도신로56길,,,,126.916194,37.5098699
서울특별시 영등포구 대림동 대방천로,,,,126.9179052,37.49902991
서울특별시 영등포구 영등포동 영신로9길,,,,126.9060868,37.51143441
서울특별시 영등포구 영등포동6가 영등포로,,,,126.9199291,37.51363569
서울특별시 영등포구 문래동2가 도림로,,,,126.9020076,37.50657527
서울특별시 영등포구 양평동1가 영등포로12길,,,,126.887483,37.52142587
서울특별시 영등포구 대림동 시흥대로,,,,126.907666,37.49082363
서울특별시 영등포구 대림동 도림로,,,,126.9020076,37.50657527
서울특별시 영등포구 당산동2가 영등포로,,,,126.9199291,37.51363569
서울특별시 영등포구 문래동1가 경인로,,,,126.9050304,37.51621755
서울특별시 영등포구 문래동1가 도림로,,,,126.9020076,37.50657527
서울특별시 영등포구 문래동5가 선유로9길,,,,126.8865824,37.51756339
서울특별시 영등포구 문래동5가 도림천로,,,,126.8967481,37.49058823
서울특별시 영등포구 신길동 신풍로17길,,,,126.9165136,37.50056079
서울특별시 영등포구 신길동 여의대방로43나길,,,,126.9215356,37.50672094
서울특별시 영등포구 신길동 여의대방로,,,,126.9222548,37.5057029
서울특별시 영등포구 대림동 도신로,,,,126.9047307,37.50795842
서울특별시 영등포구 영등포동 영신로8길,,,,126.9097677,37.51281052
서울특별시 영등포구 영등포동2가 버드나루로,,,,126.9093711,37.52529015
서울특별시 영등포구 영등포동4가 영중로3길,,,,126.9052243,37.51679882
서울특별시 영등포구 영등포동8가 국회대로,,,,126.8979022,37.5273496
서울특별시 영등포구 여의도동 국회대로62길,,,,126.9170829,37.52648439
서울특별시 영등포구 당산동1가 당산로,,,,126.8944702,37.51528892
서울특별시 영등포구 양평동1가 영등포로,,,,126.9199291,37.51363569
서울특별시 영등포구 양평동5가 양평로,,,,126.8915473,37.53935248
서울특별시 영등포구 영등포동1가 경인로,,,,126.9050304,37.51621755
서울특별시 영등포구 여의도동 국회대로,,,,126.8979022,37.5273496
서울특별시 영등포구 여의도동 올림픽대로,,,,126.9103427,37.52888976
서울특별시 영등포구 당산동1가 영등포로,,,,126.9199291,37.51363569
서울특별시 영등포구 당산동3가 국회대로,,,,126.8979022,37.5273496
서울특별시 영등포구 양평동1가 선유서로,,,,126.8834162,37.51704748
서울특별시 영등포구 양평동2가 선유서로,,,,126.8834162,37.51704748
서울특별시 영등포구 양화동 올림픽대로,,,,126.9103427,37.52888976
서울특별시 영등포구 신길동 신길로28길,,,,126.9132662,37.50188569
서울특별시 영등포구 당산동1가 양산로,,,,126.894117,37.52467564
서울특별시 영등포구 당산동 노들로,,,,126.907302,37.53335252
서울특별시 영등포구 문래동3가 영등포로28길,,,,126.8986562,37.51981271
서울특별시 영등포구 문래동3가 도림로,,,,126.9020076,37.50657527
서울특별시 영등포구 양평동2가 오목로,,,,126.880234,37.52383416
서울특별시 영등포구 양평동4가 양평로,,,,126.8915473,37.53935248
서울특별시 영등포구 대림동 도영로,,,,126.895625,37.50780393
서울특별시 영등포구 영등포동5가 양산로,,,,126.894117,37.52467564
서울특별시 영등포구 문래동2가 경인로,,,,126.9050304,37.51621755
서울특별시 영등포구 문래동3가 당산로,,,,126.8944702,37.51528892
서울특별시 영등포구 양평동2가 영등포로,,,,126.9199291,37.51363569
서울특별시 영등포구 양평동3가 국회대로,,,,126.8979022,37.5273496
서울특별시 영등포구 양평동3가 선유동2로,,,,126.8965452,37.5323057
서울특별시 영등포구 양평동4가 선유로,,,,126.8903108,37.52481482
서울특별시 영등포구 양평동5가 양평로28길,,,,126.8924299,37.54164354
서울특별시 영등포구 신길동 영등포로84길,,,,126.9221192,37.5106725
서울특별시 영등포구 대림동 신길로,,,,126.9106253,37.50271805
서울특별시 영등포구 대림동 도림천로,,,,126.8967481,37.49058823
서울특별시 용산구 용문동 효창원로,,,,126.9548985,37.535537
서울특별시 용산구 이촌동 이촌로75길,,,,126.9748876,37.52054735
서울특별시 용산구 청파동2가 청파로47길,,,,126.9689486,37.54515932
서울특별시 용산구 원효로1가 원효로,,,,126.9520038,37.53174601
서울특별시 용산구 이태원동 소월로,,,,126.9777038,37.55452418
서울특별시 용산구 갈월동 한강대로,,,,126.9745278,37.53698366
서울특별시 용산구 용산동5가 서빙고로,,,,126.9679396,37.52507071
서울특별시 용산구 한남동 대사관로,,,,127.0028142,37.53353165
서울특별시 용산구 이태원동 녹사평대로26길,,,,126.9916842,37.53119641
서울특별시 용산구 이촌동 이촌로,,,,126.9586409,37.52342955
서울특별시 용산구 원효로4가 강변북로,,,,126.9819392,37.51601053
서울특별시 용산구 한강로2가 한강대로,,,,126.9745278,37.53698366
서울특별시 용산구 용산동4가 녹사평대로,,,,126.9868619,37.53581076
서울특별시 용산구 한강로2가 한강대로21길,,,,126.9637463,37.52654726
서울특별시 용산구 이태원동 보광로,,,,126.9946821,37.53310363
서울특별시 용산구 한남동 독서당로,,,,127.0089573,37.53419808
서울특별시 용산구 서빙고동 서빙고로,,,,126.9679396,37.52507071
서울특별시 용산구 원효로1가 백범로,,,,126.9620039,37.53935027
서울특별시 용산구 한강로2가 한강대로23길,,,,126.9663467,37.52847203
서울특별시 용산구 한강로3가 한강대로21나길,,,,126.9639382,37.52843912
서울특별시 용산구 한남동 한남대로,,,,127.0050263,37.53758323
서울특별시 용산구 한강로3가 새창로,,,,126.962823,37.53414161
서울특별시 용산구 한강로3가 한강대로,,,,126.9745278,37.53698366
서울특별시 용산구 한강로3가 한강대로21길,,,,126.9637463,37.52654726
서울특별시 용산구 이태원동 녹사평대로58길,,,,126.9911777,37.54576699
서울특별시 용산구 후암동 한강대로104길,,,,126.9746981,37.55046395
서울특별시 용산구 후암동 소월로,,,,126.9777038,37.55452418
서울특별시 용산구 용산동2가 신흥로,,,,126.9845385,37.54509682
서울특별시 용산구 한강로3가 이촌로,,,,126.9586409,37.52342955
서울특별시 용산구 이태원동 신흥로,,,,126.9845385,37.54509682
서울특별시 용산구 용산동2가 녹사평대로,,,,126.9868619,37.53581076
서울특별시 용산구 청암동 강변북로,,,,126.9819392,37.51601053
서울특별시 용산구 이태원동 이태원로,,,,126.9891228,37.53387822
서울특별시 용산구 한남동 이태원로,,,,126.9891228,37.53387822
서울특별시 용산구 문배동 백범로90길,,,,126.9705146,37.53669989
서울특별시 용산구 보광동 서빙고로,,,,126.9679396,37.52507071
서울특별시 용산구 용산동2가 녹사평대로58길,,,,126.9911777,37.54576699
서울특별시 용산구 용산동2가 소월로,,,,126.9777038,37.55452418
서울특별시 용산구 효창동 효창원로,,,,126.9548985,37.535537
서울특별시 용산구 한강로3가 서빙고로17길,,,,126.968179,37.52492962
서울특별시 용산구 한남동 한남대로21길,,,,127.0060797,37.53376142
서울특별시 용산구 서빙고동 녹사평대로11길,,,,126.9934432,37.52123621
서울특별시 용산구 용산동4가 이태원로,,,,126.9891228,37.53387822
서울특별시 용산구 갈월동 두텁바위로,,,,126.9798653,37.55150416
서울특별시 용산구 원효로2가 원효로,,,,126.9520038,37.53174601
서울특별시 용산구 한강로2가 새창로,,,,126.962823,37.53414161
서울특별시 용산구 한강로3가 청파로,,,,126.9700585,37.53829637
서울특별시 용산구 이태원동 이태원로27길,,,,126.994795,37.53597282
서울특별시 용산구 동빙고동 녹사평대로,,,,126.9868619,37.53581076
서울특별시 용산구 동자동 한강대로,,,,126.9745278,37.53698366
서울특별시 용산구 효창동 백범로,,,,126.9620039,37.53935027
서울특별시 용산구 용문동 새창로,,,,126.962823,37.53414161
서울특별시 용산구 한강로3가 원효로48길,,,,126.9616375,37.53347598
서울특별시 용산구 한남동 서빙고로,,,,126.9679396,37.52507071
서울특별시 용산구 남영동 두텁바위로,,,,126.9798653,37.55150416
서울특별시 용산구 용산동3가 이태원로,,,,126.9891228,37.53387822
서울특별시 용산구 이촌동 강변북로,,,,126.9819392,37.51601053
서울특별시 용산구 동자동 후암로57길,,,,126.9740913,37.55278624
서울특별시 용산구 청파동2가 청파로,,,,126.9700585,37.53829637
서울특별시 용산구 원효로1가 청파로,,,,126.9700585,37.53829637
서울특별시 용산구 원효로4가 원효로,,,,126.9520038,37.53174601
서울특별시 용산구 원효로4가 청파로,,,,126.9700585,37.53829637
서울특별시 용산구 문배동 청파로,,,,126.9700585,37.53829637
서울특별시 용산구 한강로1가 한강대로,,,,126.9745278,37.53698366
서울특별시 용산구 이태원동 녹사평대로,,,,126.9868619,37.53581076
서울특별시 용산구 한남동 강남대로,,,,127.0111718,37.52921258
서울특별시 은평구 불광동 통일로,,,,126.9366924,37.59821785
서울특별시 은평구 대조동 서오릉로,,,,126.9205179,37.61057527
서울특별시 은평구 응암동 가좌로,,,,126.913438,37.59376762
서울특별시 은평구 역촌동 연서로14길,,,,126.9174666,37.60954657
서울특별시 은평구 불광동 불광로,,,,126.9312413,37.61986267
서울특별시 은평구 응암동 응암로12길,,,,126.9181554,37.58713268
서울특별시 은평구 응암동 가좌로10길,,,,126.9164112,37.59349653
서울특별시 은평구 응암동 응암로,,,,126.9227303,37.6010499
서울특별시 은평구 수색동 수색로,,,,126.8929461,37.58388646
서울특별시 은평구 녹번동 통일로,,,,126.9366924,37.59821785
서울특별시 은평구 갈현동 연서로19길,,,,126.9162444,37.61402366
서울특별시 은평구 역촌동 연서로,,,,126.9276911,37.62408731
서울특별시 은평구 증산동 증산로3길,,,,126.9058503,37.58125979
서울특별시 은평구 구산동 갈현로,,,,126.9115153,37.61441812
서울특별시 은평구 응암동 은평로,,,,126.9301452,37.60184839
서울특별시 은평구 역촌동 갈현로,,,,126.9115153,37.61441812
서울특별시 은평구 갈현동 갈현로,,,,126.9115153,37.61441812
서울특별시 은평구 대조동 통일로,,,,126.9366924,37.59821785
서울특별시 은평구 역촌동 연서로4길,,,,126.916656,37.60307384
서울특별시 은평구 갈현동 갈현로23길,,,,126.9109905,37.61847459
서울특별시 은평구 대조동 연서로,,,,126.9276911,37.62408731
서울특별시 은평구 응암동 백련산로,,,,126.9230894,37.5940389
서울특별시 은평구 역촌동 진흥로5길,,,,126.9203487,37.60333825
서울특별시 은평구 녹번동 녹번로,,,,126.9299254,37.60620187
서울특별시 은평구 불광동 연서로,,,,126.9276911,37.62408731
서울특별시 은평구 갈현동 서오릉로,,,,126.9205179,37.61057527
서울특별시 은평구 대조동 연서로26길,,,,126.9210105,37.6154939
서울특별시 은평구 진관동 진관4로,,,,126.9301649,37.64299829
서울특별시 은평구 녹번동 진흥로,,,,126.9294784,37.60807763
서울특별시 은평구 진관동 북한산로,,,,126.9319031,37.65013446
서울특별시 은평구 진관동 진관1로,,,,126.925002,37.63156198
서울특별시 은평구 갈현동 연서로29길,,,,126.9191882,37.61824346
서울특별시 은평구 갈현동 갈현로41길,,,,126.9155456,37.62495107
서울특별시 은평구 응암동 가좌로7나길,,,,126.9195053,37.58417278
서울특별시 은평구 역촌동 서오릉로,,,,126.9205179,37.61057527
서울특별시 은평구 역촌동 진흥로1길,,,,126.9185423,37.60552175
서울특별시 은평구 역촌동 연서로9길,,,,126.914413,37.60766791
서울특별시 은평구 신사동 은평로,,,,126.9301452,37.60184839
서울특별시 은평구 진관동 통일로,,,,126.9366924,37.59821785
서울특별시 은평구 대조동 역말로,,,,126.9190602,37.60740061
서울특별시 은평구 대조동 불광로,,,,126.9312413,37.61986267
서울특별시 은평구 증산동 증산로,,,,126.9067026,37.58155893
서울특별시 은평구 불광동 진흥로,,,,126.9294784,37.60807763
서울특별시 은평구 대조동 진흥로,,,,126.9294784,37.60807763
서울특별시 은평구 응암동 불광천길,,,,126.9149937,37.59097981
서울특별시 은평구 응암동 서오릉로,,,,126.9205179,37.61057527
서울특별시 은평구 녹번동 서오릉로,,,,126.9205179,37.61057527
서울특별시 은평구 녹번동 서오릉로2길,,,,126.9274728,37.60235077
서울특별시 은평구 갈현동 연서로21길,,,,126.9168034,37.61495994
서울특별시 은평구 대조동 통일로73길,,,,126.9227501,37.61516164
서울특별시 은평구 응암동 통일로71길,,,,126.9263426,37.61226489
서울특별시 은평구 역촌동 진흥로,,,,126.9294784,37.60807763
서울특별시 은평구 신사동 가좌로,,,,126.913438,37.59376762
서울특별시 은평구 진관동 진관3로,,,,126.9199873,37.64296553
서울특별시 은평구 불광동 통일로72길,,,,126.9267256,37.61753135
서울특별시 은평구 갈현동 통일로87길,,,,126.9184069,37.62339772
서울특별시 은평구 대조동 통일로69길,,,,126.9271733,37.6111898
서울특별시 은평구 역촌동 역말로,,,,126.9190602,37.60740061
서울특별시 은평구 신사동 증산로15길,,,,126.9102721,37.59002386
서울특별시 은평구 진관동 진관2로,,,,126.9263627,37.63496256
서울특별시 은평구 구산동 서오릉로,,,,126.9205179,37.61057527
서울특별시 은평구 구산동 연서로9길,,,,126.914413,37.60766791
서울특별시 은평구 수색동 은평터널로,,,,126.9074811,37.59442718
서울특별시 은평구 녹번동 은평로,,,,126.9301452,37.60184839
서울특별시 은평구 불광동 연서로34길,,,,126.9289588,37.62181401
서울특별시 은평구 불광동 연서로37길,,,,126.9274307,37.62516917
서울특별시 은평구 신사동 갈현로,,,,126.9115153,37.61441812
서울특별시 은평구 진관동 연서로,,,,126.9276911,37.62408731
서울특별시 은평구 갈현동 연서로,,,,126.9276911,37.62408731
서울특별시 은평구 응암동 응암로13길,,,,126.9163658,37.58911938
서울특별시 은평구 역촌동 은평로,,,,126.9301452,37.60184839
서울특별시 종로구 부암동 자하문로,,,,126.9674604,37.58929211
서울특별시 종로구 통의동 자하문로10길,,,,126.9726035,37.5795105
서울특별시 종로구 신문로2가 경희궁길,,,,126.9720697,37.57072438
서울특별시 종로구 종로3가 종로,,,,126.9989704,37.57067532
서울특별시 종로구 운니동 율곡로,,,,126.9845535,37.57552094
서울특별시 종로구 장사동 청계천로,,,,127.0002876,37.56962355
서울특별시 종로구 연건동 대학로,,,,127.0022133,37.57830202
서울특별시 종로구 옥인동 옥인길,,,,126.9656554,37.58129334
서울특별시 종로구 종로2가 종로,,,,126.9989704,37.57067532
서울특별시 종로구 창신동 지봉로,,,,127.0156345,37.57052028
서울특별시 종로구 구기동 진흥로,,,,126.9617171,37.60425677
서울특별시 종로구 익선동 삼일대로30길,,,,126.9898276,37.57436351
서울특별시 종로구 낙원동 삼일대로,,,,126.9878232,37.5740987
서울특별시 종로구 재동 율곡로,,,,126.9845535,37.57552094
서울특별시 종로구 구기동 진흥로22길,,,,126.9556282,37.60590057
서울특별시 종로구 낙원동 수표로,,,,126.9890062,37.57144091
서울특별시 종로구 견지동 우정국로,,,,126.9824443,37.57487991
서울특별시 종로구 예지동 창경궁로,,,,126.9984014,37.58285288
서울특별시 종로구 종로6가 청계천로,,,,127.0002876,37.56962355
서울특별시 종로구 명륜2가 성균관로,,,,126.9973953,37.58425863
서울특별시 종로구 옥인동 필운대로,,,,126.968249,37.58075568
서울특별시 종로구 세종로 세종대로,,,,126.9768834,37.57248823
서울특별시 종로구 중학동 율곡로,,,,126.9845535,37.57552094
서울특별시 종로구 와룡동 돈화문로,,,,126.9915989,37.57289588
서울특별시 종로구 종로2가 수표로,,,,126.9890062,37.57144091
서울특별시 종로구 원남동 창경궁로,,,,126.9984014,37.58285288
서울특별시 종로구 명륜2가 창경궁로,,,,126.9984014,37.58285288
서울특별시 종로구 숭인동 종로,,,,126.9989704,37.57067532
서울특별시 종로구 행촌동 사직로,,,,126.971726,37.57625753
서울특별시 종로구 공평동 우정국로,,,,126.9824443,37.57487991
서울특별시 종로구 창신동 종로,,,,126.9989704,37.57067532
서울특별시 종로구 숭인동 난계로27길,,,,127.0206932,37.5728749
서울특별시 종로구 평동 새문안로,,,,126.9690779,37.56884387
서울특별시 종로구 평창동 평창문화로,,,,126.9714755,37.60687786
서울특별시 종로구 평창동 평창길,,,,126.9747864,37.61546399
서울특별시 종로구 신영동 진흥로,,,,126.9617171,37.60425677
서울특별시 종로구 신교동 자하문로,,,,126.9674604,37.58929211
서울특별시 종로구 수송동 종로1길,,,,126.9793356,37.57514646
서울특별시 종로구 장사동 돈화문로,,,,126.9915989,37.57289588
서울특별시 종로구 종로6가 율곡로,,,,126.9845535,37.57552094
서울특별시 종로구 숭인동 종로66가길,,,,127.02019,37.57345634
서울특별시 종로구 숭인동 종로58길,,,,127.0182351,37.57229534
서울특별시 종로구 종로6가 종로,,,,126.9989704,37.57067532
서울특별시 종로구 숭인동 난계로,,,,127.0233017,37.57368788
서울특별시 종로구 숭인동 청계천로,,,,127.0002876,37.56962355
서울특별시 종로구 신영동 세검정로,,,,126.9574429,37.60110787
서울특별시 종로구 서린동 우정국로,,,,126.9824443,37.57487991
서울특별시 종로구 와룡동 율곡로,,,,126.9845535,37.57552094
서울특별시 종로구 묘동 돈화문로,,,,126.9915989,37.57289588
서울특별시 종로구 종로5가 동호로,,,,127.00197,37.5703211
서울특별시 종로구 혜화동 창경궁로,,,,126.9984014,37.58285288
서울특별시 종로구 혜화동 창경궁로35길,,,,127.002121,37.58758163
서울특별시 종로구 숭인동 천호대로,,,,127.0663519,37.56082935
서울특별시 종로구 홍지동 세검정로,,,,126.9574429,37.60110787
서울특별시 종로구 옥인동 자하문로17길,,,,126.9696834,37.58138064
서울특별시 종로구 세종로 삼봉로,,,,126.9824721,37.57183431
서울특별시 종로구 청진동 종로3길,,,,126.9792952,37.57133445
서울특별시 종로구 관훈동 율곡로,,,,126.9845535,37.57552094
서울특별시 종로구 종로5가 종로,,,,126.9989704,37.57067532
서울특별시 종로구 충신동 김상옥로,,,,126.999339,37.57318439
서울특별시 종로구 창신동 율곡로,,,,126.9845535,37.57552094
서울특별시 종로구 숭인동 보문로,,,,127.0228252,37.57677171
서울특별시 종로구 연건동 율곡로,,,,126.9845535,37.57552094
서울특별시 종로구 평창동 평창30길,,,,126.973454,37.61268098
서울특별시 종로구 적선동 자하문로,,,,126.9674604,37.58929211
서울특별시 종로구 사직동 사직로9길,,,,126.9659205,37.5763732
서울특별시 종로구 세종로 사직로,,,,126.971726,37.57625753
서울특별시 종로구 수송동 율곡로,,,,126.9845535,37.57552094
서울특별시 종로구 인의동 창경궁로,,,,126.9984014,37.58285288
서울특별시 종로구 무악동 통일로12길,,,,126.9616994,37.57430332
서울특별시 종로구 창성동 자하문로10길,,,,126.9726035,37.5795105
서울특별시 종로구 신문로1가 새문안로,,,,126.9690779,37.56884387
서울특별시 종로구 공평동 삼봉로,,,,126.9824721,37.57183431
서울특별시 종로구 종로4가 종로,,,,126.9989704,37.57067532
서울특별시 종로구 혜화동 혜화로,,,,126.9993488,37.58925695
서울특별시 종로구 혜화동 대학로,,,,127.0022133,37.57830202
서울특별시 종로구 송월동 통일로8길,,,,126.9649148,37.56933599
서울특별시 종로구 세종로 세종대로23길,,,,126.9748043,37.57162701
서울특별시 종로구 종로2가 삼일대로,,,,126.9878232,37.5740987
서울특별시 종로구 삼청동 삼청로,,,,126.9826046,37.58509219
서울특별시 종로구 종로4가 동순라길,,,,126.997085,37.57334326
서울특별시 종로구 창신동 종로58길,,,,127.0182351,37.57229534
서울특별시 종로구 견지동 사직로,,,,126.971726,37.57625753
서울특별시 종로구 안국동 율곡로,,,,126.9845535,37.57552094
서울특별시 종로구 원남동 율곡로,,,,126.9845535,37.57552094
서울특별시 종로구 종로5가 대학로,,,,127.0022133,37.57830202
서울특별시 종로구 평동 송월길,,,,126.9686297,37.56873785
서울특별시 종로구 신교동 필운대로,,,,126.968249,37.58075568
서울특별시 종로구 세종로 새문안로5길,,,,126.9746355,37.57295864
서울특별시 종로구 종로1가 새문안로,,,,126.9690779,37.56884387
서울특별시 종로구 와룡동 창경궁로,,,,126.9984014,37.58285288
서울특별시 종로구 연지동 율곡로,,,,126.9845535,37.57552094
서울특별시 종로구 명륜1가 성균관로,,,,126.9973953,37.58425863
서울특별시 종로구 명륜2가 혜화로,,,,126.9993488,37.58925695
서울특별시 중구 을지로2가 삼일대로10길,,,,126.9888732,37.5653519
서울특별시 중구 수표동 청계천로,,,,127.0011552,37.56929653
서울특별시 중구 을지로3가 을지로,,,,126.9993566,37.56694953
서울특별시 중구 신당동 청구로8길,,,,127.0136598,37.56141323
서울특별시 중구 을지로6가 장충단로,,,,127.0070381,37.56544112
서울특별시 중구 신당동 다산로,,,,127.0137024,37.55958189
서울특별시 중구 오장동 을지로,,,,126.9993566,37.56694953
서울특별시 중구 신당동 매봉길,,,,127.0141154,37.54630659
서울특별시 중구 중림동 중림로,,,,126.9664428,37.55868014
서울특별시 중구 충무로1가 퇴계로,,,,126.989806,37.56158362
서울특별시 중구 충무로4가 충무로,,,,126.9929824,37.56566193
서울특별시 중구 충무로4가 창경궁로1길,,,,126.9977864,37.56306358
서울특별시 중구 을지로1가 무교로,,,,126.978872,37.56738191
서울특별시 중구 황학동 마장로9길,,,,127.018625,37.56998488
서울특별시 중구 무교동 세종대로20길,,,,126.9782657,37.56760809
서울특별시 중구 태평로1가 세종대로,,,,126.9765921,37.56873969
서울특별시 중구 봉래동2가 청파로,,,,126.9683727,37.55923009
서울특별시 중구 충무로2가 퇴계로,,,,126.989806,37.56158362
서울특별시 중구 을지로4가 을지로,,,,126.9993566,37.56694953
서울특별시 중구 신당동 을지로45길,,,,127.0117112,37.56627082
서울특별시 중구 신당동 동호로10길,,,,127.0121927,37.55424999
서울특별시 중구 봉래동1가 세종대로7길,,,,126.9725336,37.56191972
서울특별시 중구 신당동 퇴계로,,,,126.989806,37.56158362
서울특별시 중구 흥인동 퇴계로75길,,,,127.0157162,37.56601681
서울특별시 중구 남대문로2가 소공로,,,,126.9833287,37.55883781
서울특별시 중구 남대문로5가 세종대로,,,,126.9765921,37.56873969
서울특별시 중구 을지로4가 창경궁로,,,,126.9976988,37.5647269
서울특별시 중구 을지로5가 동호로,,,,127.0048765,37.55932354
서울특별시 중구 신당동 동호로5길,,,,127.0120625,37.55194138
서울특별시 중구 남대문로5가 소월로,,,,126.9771566,37.55496836
서울특별시 중구 필동2가 퇴계로,,,,126.989806,37.56158362
서울특별시 중구 광희동2가 퇴계로,,,,126.989806,37.56158362
서울특별시 중구 신당동 동호로,,,,127.0048765,37.55932354
서울특별시 중구 신당동 청계천로,,,,127.0011552,37.56929653
서울특별시 중구 을지로1가 을지로,,,,126.9993566,37.56694953
서울특별시 중구 을지로2가 삼일대로,,,,126.9874125,37.56496584
서울특별시 중구 충무로1가 소공로,,,,126.9833287,37.55883781
서울특별시 중구 황학동 퇴계로,,,,126.989806,37.56158362
서울특별시 중구 서소문동 세종대로,,,,126.9765921,37.56873969
서울특별시 중구 남대문로4가 남대문로,,,,126.9783438,37.56169742
서울특별시 중구 봉래동2가 통일로,,,,126.9719991,37.5592726
서울특별시 중구 묵정동 퇴계로,,,,126.989806,37.56158362
서울특별시 중구 황학동 마장로,,,,127.0189031,37.56879579
서울특별시 중구 태평로2가 세종대로,,,,126.9765921,37.56873969
서울특별시 중구 봉래동1가 칠패로,,,,126.9718663,37.55962438
서울특별시 중구 쌍림동 퇴계로,,,,126.989806,37.56158362
서울특별시 중구 쌍림동 동호로,,,,127.0048765,37.55932354
서울특별시 중구 신당동 퇴계로76길,,,,127.0146282,37.56304828
서울특별시 중구 예장동 삼일대로,,,,126.9874125,37.56496584
서울특별시 중구 을지로6가 을지로,,,,126.9993566,37.56694953
서울특별시 중구 신당동 마장로,,,,127.0189031,37.56879579
서울특별시 중구 서소문동 서소문로,,,,126.9647605,37.55941889
서울특별시 중구 을지로1가 남대문로,,,,126.9783438,37.56169742
서울특별시 중구 회현동1가 퇴계로,,,,126.989806,37.56158362
서울특별시 중구 중림동 서소문로8길,,,,126.9686369,37.56050138
서울특별시 중구 다동 남대문로,,,,126.9783438,37.56169742
서울특별시 중구 소공동 남대문로,,,,126.9783438,37.56169742
서울특별시 중구 회현동1가 소공로,,,,126.9833287,37.55883781
서울특별시 중구 장충동2가 장충단로,,,,127.0070381,37.56544112
서울특별시 중구 흥인동 퇴계로,,,,126.989806,37.56158362
서울특별시 중구 황학동 청계천로,,,,127.0011552,37.56929653
서울특별시 중구 서소문동 서소문로11길,,,,126.9728969,37.56421914
서울특별시 중구 소공동 소공로,,,,126.9833287,37.55883781
서울특별시 중구 남창동 소월로,,,,126.9771566,37.55496836
서울특별시 중구 봉래동2가 한강대로,,,,126.9728045,37.55454856
서울특별시 중구 남산동3가 소파로,,,,126.9892104,37.55997759
서울특별시 중구 예관동 창경궁로,,,,126.9976988,37.5647269
서울특별시 중구 쌍림동 장충단로7길,,,,127.0052197,37.56266576
서울특별시 중구 을지로7가 을지로45길,,,,127.0117112,37.56627082
서울특별시 중구 저동2가 마른내로,,,,127.0057069,37.56500218
서울특별시 중구 무학동 퇴계로76길,,,,127.0146282,37.56304828
서울특별시 중구 중림동 청파로,,,,126.9683727,37.55923009
서울특별시 중구 무교동 무교로,,,,126.978872,37.56738191
서울특별시 중구 을지로2가 을지로,,,,126.9993566,37.56694953
서울특별시 중구 삼각동 남대문로,,,,126.9783438,37.56169742
서울특별시 중구 장교동 삼일대로,,,,126.9874125,37.56496584
서울특별시 중구 회현동1가 남대문시장길,,,,126.9777266,37.56062408
서울특별시 중구 장충동1가 장충단로,,,,127.0070381,37.56544112
서울특별시 중구 을지로5가 을지로,,,,126.9993566,37.56694953
서울특별시 중구 주교동 청계천로,,,,127.0011552,37.56929653
서울특별시 중구 신당동 난계로,,,,127.0233706,37.56680636
서울특별시 중구 신당동 동호로7길,,,,127.011711,37.55179941
서울특별시 중구 순화동 세종대로7길,,,,126.9725336,37.56191972
서울특별시 중랑구 면목동 용마산로,,,,127.0994789,37.59345655
서울특별시 중랑구 망우동 용마산로118길,,,,127.1068529,37.60143439
서울특별시 중랑구 상봉동 봉화산로,,,,127.0854635,37.60215245
서울특별시 중랑구 신내동 봉화산로56길,,,,127.0975804,37.60539761
서울특별시 중랑구 면목동 동일로,,,,127.0795545,37.60013274
서울특별시 중랑구 중화동 봉화산로30길,,,,127.0852595,37.60012487
서울특별시 중랑구 묵동 동일로,,,,127.0795545,37.60013274
서울특별시 중랑구 중화동 망우로,,,,127.0833198,37.59556341
서울특별시 중랑구 묵동 신내로25가길,,,,127.0840946,37.61865858
서울특별시 중랑구 묵동 공릉로2라길,,,,127.0815302,37.6133193
서울특별시 중랑구 묵동 동일로163길,,,,127.0750362,37.6119345
서울특별시 중랑구 신내동 신내로,,,,127.095614,37.60436845
서울특별시 중랑구 면목동 사가정로,,,,127.0888146,37.58085684
서울특별시 중랑구 상봉동 봉우재로,,,,127.0963766,37.59455819
서울특별시 중랑구 중화동 봉화산로3길,,,,127.0754023,37.60367594
서울특별시 중랑구 중화동 동일로,,,,127.0795545,37.60013274
서울특별시 중랑구 묵동 중랑천로,,,,127.0743934,37.60413294
서울특별시 중랑구 면목동 봉우재로,,,,127.0963766,37.59455819
서울특별시 중랑구 상봉동 망우로,,,,127.0833198,37.59556341
서울특별시 중랑구 중화동 동일로129길,,,,127.0792227,37.59914005
서울특별시 중랑구 망우동 망우로,,,,127.0833198,37.59556341
서울특별시 중랑구 망우동 용마산로117길,,,,127.0987828,37.60018383
서울특별시 중랑구 신내동 용마산로139가길,,,,127.1001019,37.61791417
서울특별시 중랑구 상봉동 동일로,,,,127.0795545,37.60013274
서울특별시 중랑구 신내동 신내로16길,,,,127.0986365,37.61351979
서울특별시 중랑구 상봉동 중랑천로,,,,127.0743934,37.60413294
서울특별시 중랑구 중화동 중랑역로,,,,127.0783052,37.60100699
서울특별시 중랑구 묵동 숙선옹주로,,,,127.0848601,37.61485362
서울특별시 중랑구 묵동 신내로25길,,,,127.0839529,37.61961504
서울특별시 중랑구 면목동 겸재로,,,,127.0916889,37.58954031
서울특별시 중랑구 면목동 면목로55길,,,,127.086704,37.58414744
서울특별시 중랑구 상봉동 망우로52길,,,,127.089653,37.59662476
서울특별시 중랑구 망우동 용마산로115길,,,,127.0955274,37.59829632
서울특별시 중랑구 면목동 면목로37길,,,,127.0845954,37.57953729
서울특별시 중랑구 면목동 면목로,,,,127.0831568,37.57173671
서울특별시 중랑구 면목동 면목천로,,,,127.0834904,37.58475875
서울특별시 중랑구 신내동 용마산로,,,,127.0994789,37.59345655
서울특별시 중랑구 상봉동 상봉중앙로,,,,127.0872864,37.60052435
서울특별시 중랑구 묵동 중랑역로,,,,127.0783052,37.60100699
서울특별시 중랑구 망우동 신내로,,,,127.095614,37.60436845
서울특별시 중랑구 신내동 신내로18길,,,,127.0983868,37.61459753
서울특별시 중랑구 면목동 사가정로42길,,,,127.0808535,37.57724102
서울특별시 중랑구 면목동 답십리로,,,,127.0825178,37.5717179
서울특별시 중랑구 면목동 중랑천로,,,,127.0743934,37.60413294
서울특별시 중랑구 망우동 용마산로,,,,127.0994789,37.59345655
서울특별시 중랑구 상봉동 면목로,,,,127.0831568,37.57173671
서울특별시 중랑구 묵동 동일로151길,,,,127.0736955,37.60749705
서울특별시 중랑구 망우동 용마산로116길,,,,127.1027829,37.59956351
서울특별시 중랑구 면목동 봉우재로6길,,,,127.0762783,37.58937789
서울특별시 중랑구 묵동 공릉로,,,,127.0792412,37.6154516
서울특별시 중랑구 상봉동 봉화산로45길,,,,127.0892246,37.60492075
서울특별시 중랑구 망우동 수도권제1순환고속도로,,,,127.1070746,37.60039173
서울특별시 중랑구 면목동 용마산로94길,,,,127.0986935,37.5885352
서울특별시 중랑구 면목동 면목로56길,,,,127.0892444,37.58432432
서울특별시 중랑구 면목동 상봉로,,,,127.0940532,37.5879488
서울특별시 중랑구 묵동 공릉로18길,,,,127.0811726,37.61834899
서울특별시 중랑구 망우동 봉우재로,,,,127.0963766,37.59455819
서울특별시 중랑구 망우동 용마공원로,,,,127.1010296,37.59374043
서울특별시 중랑구 신내동 신내로7길,,,,127.0965383,37.60129844
서울특별시 중랑구 신내동 봉화산로,,,,127.0854635,37.60215245
서울특별시 중랑구 상봉동 망우로36길,,,,127.0794166,37.59412827
서울특별시 중랑구 중화동 중랑천로,,,,127.0743934,37.60413294
서울특별시 중랑구 중화동 동일로130길,,,,127.0844994,37.60091688
서울특별시 중랑구 중화동 봉화산로,,,,127.0854635,37.60215245
서울특별시 중랑구 묵동 사가정로,,,,127.0888146,37.58085684
서울특별시 중랑구 망우동 망우로71길,,,,127.1027222,37.602051
서울특별시 중랑구 면목동 동일로109길,,,,127.0756452,37.59116885
서울특별시 중랑구 면목동 사가정로46길,,,,127.0847688,37.57897798
서울특별시 중랑구 면목동 용마산로45길,,,,127.0880429,37.57486672
서울특별시 중랑구 상봉동 상봉로,,,,127.0940532,37.5879488
서울특별시 중랑구 묵동 공릉로2길,,,,127.0789415,37.61184425
서울특별시 중랑구 망우동 상봉로,,,,127.0940532,37.5879488
서울특별시 중랑구 신내동 용마산로117길,,,,127.0987828,37.60018383
서울특별시 중랑구 신내동 봉화산로47길,,,,127.0923447,37.60619758
서울특별시 중랑구 면목동 겸재로50길,,,,127.0934491,37.58843488
서울특별시 중랑구 상봉동 신내로7가길,,,,127.0925988,37.60245342
서울특별시 중랑구 중화동 동일로139길,,,,127.0768789,37.60288343
서울특별시 중랑구 신내동 신내역로,,,,127.1134449,37.61312006
서울특별시 중랑구 신내동 신내로1길,,,,127.0962991,37.5996347
